-- phpMyAdmin SQL Dump
-- version 5.0.2
-- https://www.phpmyadmin.net/
--
-- Servidor: 127.0.0.1
-- Tiempo de generación: 10-07-2020 a las 18:42:41
-- Versión del servidor: 10.4.13-MariaDB
-- Versión de PHP: 7.4.7

SET SQL_MODE = "NO_AUTO_VALUE_ON_ZERO";
START TRANSACTION;
SET time_zone = "+00:00";


/*!40101 SET @OLD_CHARACTER_SET_CLIENT=@@CHARACTER_SET_CLIENT */;
/*!40101 SET @OLD_CHARACTER_SET_RESULTS=@@CHARACTER_SET_RESULTS */;
/*!40101 SET @OLD_COLLATION_CONNECTION=@@COLLATION_CONNECTION */;
/*!40101 SET NAMES utf8mb4 */;

--
-- Base de datos: `lopez_asociados_v1`
--

-- --------------------------------------------------------

--
-- Estructura de tabla para la tabla `aplicaciones`
--

CREATE TABLE `aplicaciones` (
  `id` int(11) NOT NULL,
  `aplicacion` varchar(250) NOT NULL,
  `id_proveedor` int(11) NOT NULL,
  `fecha_creacion` datetime NOT NULL,
  `id_estado` int(11) NOT NULL
) ENGINE=InnoDB DEFAULT CHARSET=latin1;

-- --------------------------------------------------------

--
-- Estructura de tabla para la tabla `catalogo_diagnostico`
--

CREATE TABLE `catalogo_diagnostico` (
  `id` int(11) NOT NULL,
  `catalogo_diagnostico` varchar(250) NOT NULL
) ENGINE=InnoDB DEFAULT CHARSET=latin1;

--
-- Volcado de datos para la tabla `catalogo_diagnostico`
--

INSERT INTO `catalogo_diagnostico` (`id`, `catalogo_diagnostico`) VALUES
(1, 'diagnostico 1'),
(2, 'diagnostico 3'),
(3, 'diagnostico 4'),
(4, 'diagnostico 5'),
(5, 'diagnostico 6'),
(6, 'diagnostico 7'),
(7, 'diagnostico 8'),
(8, 'diagnostico 9');

-- --------------------------------------------------------

--
-- Estructura de tabla para la tabla `catalogo_pruebas`
--

CREATE TABLE `catalogo_pruebas` (
  `id` int(11) NOT NULL,
  `prueba` text NOT NULL,
  `tags` longtext NOT NULL,
  `cant_positivos` double NOT NULL,
  `cant_negativos` double NOT NULL,
  `id_estado` int(11) NOT NULL
) ENGINE=InnoDB DEFAULT CHARSET=latin1;

--
-- Volcado de datos para la tabla `catalogo_pruebas`
--

INSERT INTO `catalogo_pruebas` (`id`, `prueba`, `tags`, `cant_positivos`, `cant_negativos`, `id_estado`) VALUES
(1, 'se realiza verificacion de la pantalla', 'null', 2, 1, 1);

-- --------------------------------------------------------

--
-- Estructura de tabla para la tabla `catalogo_soluciones`
--

CREATE TABLE `catalogo_soluciones` (
  `id` int(11) NOT NULL,
  `solucion` text NOT NULL,
  `tags` longtext DEFAULT NULL
) ENGINE=InnoDB DEFAULT CHARSET=latin1;

--
-- Volcado de datos para la tabla `catalogo_soluciones`
--

INSERT INTO `catalogo_soluciones` (`id`, `solucion`, `tags`) VALUES
(1, 'cambio de equipo', NULL),
(2, 'restauración de internet', NULL),
(3, 'restableciomiento de sistema', NULL),
(4, 'instalacion de aplicacion ', NULL),
(5, 'Reinstalación aplicacion ', NULL),
(6, 'cambio de contraseña', NULL),
(7, 'conexion a enenrgia ', NULL),
(8, 'cambio de monitor', NULL),
(9, 'restauracion VPN', NULL);

-- --------------------------------------------------------

--
-- Estructura de tabla para la tabla `comentarios_tecnicos`
--

CREATE TABLE `comentarios_tecnicos` (
  `id` int(11) NOT NULL,
  `comentario` text NOT NULL,
  `id_ticket` int(11) NOT NULL,
  `fecha_creacion` datetime NOT NULL,
  `id_tecnico` int(11) NOT NULL,
  `id_tipo_comentario_tecnico` int(11) NOT NULL
) ENGINE=InnoDB DEFAULT CHARSET=latin1;

--
-- Volcado de datos para la tabla `comentarios_tecnicos`
--

INSERT INTO `comentarios_tecnicos` (`id`, `comentario`, `id_ticket`, `fecha_creacion`, `id_tecnico`, `id_tipo_comentario_tecnico`) VALUES
(7, 'se estan realizando pruebas', 9, '2020-07-09 16:09:43', 2, 1);

-- --------------------------------------------------------

--
-- Estructura de tabla para la tabla `comunicaciones`
--

CREATE TABLE `comunicaciones` (
  `id` int(11) NOT NULL,
  `enlace` varchar(250) NOT NULL,
  `id_tipo_enlace` int(11) NOT NULL,
  `id_oficina` int(11) NOT NULL,
  `id_proveedor` int(11) NOT NULL,
  `tamano` varchar(250) NOT NULL,
  `cuenta_contrato` varchar(250) NOT NULL,
  `id_estado` int(11) NOT NULL
) ENGINE=InnoDB DEFAULT CHARSET=latin1;

-- --------------------------------------------------------

--
-- Estructura de tabla para la tabla `contacto_proveedor`
--

CREATE TABLE `contacto_proveedor` (
  `id` int(11) NOT NULL,
  `id_proveedor` int(11) NOT NULL,
  `contacto` varchar(200) NOT NULL,
  `telefono` double NOT NULL,
  `correo` varchar(200) NOT NULL,
  `cargo` text NOT NULL,
  `fecha_creacion` datetime NOT NULL,
  `id_estado` int(11) NOT NULL
) ENGINE=InnoDB DEFAULT CHARSET=latin1;

-- --------------------------------------------------------

--
-- Estructura de tabla para la tabla `diagnostico`
--

CREATE TABLE `diagnostico` (
  `id` int(11) NOT NULL,
  `diagnostico` varchar(250) NOT NULL,
  `id_ticket` int(11) NOT NULL,
  `ids_pruebas_ejecutadas` text NOT NULL,
  `id_tecnico` int(11) NOT NULL,
  `ids_catalogo_diagnostico` text DEFAULT NULL
) ENGINE=InnoDB DEFAULT CHARSET=latin1;

--
-- Volcado de datos para la tabla `diagnostico`
--

INSERT INTO `diagnostico` (`id`, `diagnostico`, `id_ticket`, `ids_pruebas_ejecutadas`, `id_tecnico`, `ids_catalogo_diagnostico`) VALUES
(1, 'pantalla rota y disco duro inservible', 38, '1,2,3', 10, '3,4,5');

-- --------------------------------------------------------

--
-- Estructura de tabla para la tabla `dispositivos`
--

CREATE TABLE `dispositivos` (
  `id` int(11) NOT NULL,
  `id_origen` int(11) NOT NULL,
  `placa` text NOT NULL,
  `serial` varchar(250) NOT NULL,
  `id_tipo_dispositivo` int(11) NOT NULL,
  `id_usuario` int(11) DEFAULT NULL,
  `foto` text DEFAULT NULL,
  `id_referencia` int(11) DEFAULT NULL,
  `fecha_creacion` datetime NOT NULL,
  `fecha_adquisicion` date DEFAULT NULL,
  `fecha_fin` date DEFAULT NULL,
  `id_estado_dispositivo` int(11) NOT NULL
) ENGINE=InnoDB DEFAULT CHARSET=latin1;

--
-- Volcado de datos para la tabla `dispositivos`
--

INSERT INTO `dispositivos` (`id`, `id_origen`, `placa`, `serial`, `id_tipo_dispositivo`, `id_usuario`, `foto`, `id_referencia`, `fecha_creacion`, `fecha_adquisicion`, `fecha_fin`, `id_estado_dispositivo`) VALUES
(1, 3, 'null', 'CN0JF44YFCC009A8AP1B', 4, 1, NULL, 1, '2020-07-02 16:25:56', '2020-01-12', '2023-01-12', 1),
(2, 3, '624', 'DFC6HN2', 4, 2, NULL, 1, '2020-07-02 16:25:56', '2019-03-01', '2020-02-21', 1),
(3, 3, '613', 'JDC6HN2', 4, 3, NULL, 1, '2020-07-02 16:25:56', '2019-03-01', '2020-02-21', 1),
(4, 3, 'null', '0', 4, 4, NULL, NULL, '2020-07-02 16:25:56', '2016-09-07', '2019-10-21', 1),
(5, 3, '610', 'JFC6HN2', 4, 5, NULL, 1, '2020-07-02 16:25:57', '2019-03-01', '2020-02-21', 1),
(6, 3, '481', 'CN08XR0V728721AOJTJM', 4, 6, NULL, 1, '2020-07-02 16:25:57', '2017-05-13', '2020-05-14', 1),
(7, 1, 'null', 'RSM-134337', 4, 8, NULL, NULL, '2020-07-02 16:25:57', '2020-02-26', NULL, 1),
(8, 3, '611', '1GC6HN2', 4, 9, NULL, 1, '2020-07-02 16:25:57', '2019-03-01', '2020-02-21', 1),
(9, 3, 'null', 'CN0JF44YFCC009A8APGB', 4, 10, NULL, 1, '2020-07-02 16:25:57', '2020-01-12', '2023-01-12', 1),
(10, 3, 'null', 'CN0JF44YFCC009A8APWB', 4, 11, NULL, 1, '2020-07-02 16:27:02', '2020-01-12', '2023-01-12', 1),
(11, 3, '505', 'ZZP0H4ZK300312P', 4, 13, NULL, 5, '2020-07-02 16:27:02', '2020-01-16', '2023-01-17', 1),
(12, 3, '488', 'ZZP0H4ZK300026Z', 4, 14, NULL, 5, '2020-07-02 16:27:02', '2017-06-30', '2021-06-01', 1),
(13, 2, 'null', 'Sin pantalla', 4, 15, NULL, NULL, '2020-07-02 16:27:02', '2013-08-30', '2016-09-08', 1),
(14, 2, 'null', 'N/A', 4, NULL, NULL, NULL, '2020-07-02 16:27:02', NULL, NULL, 1),
(15, 3, '629', 'HDC6HN2', 4, 17, NULL, 1, '2020-07-02 16:27:02', '2019-03-01', '2020-02-21', 1),
(16, 3, 'null', 'CN0JF44YFCC009A8CLFB', 4, 18, NULL, 1, '2020-07-02 16:27:02', '2020-01-12', '2023-01-12', 1),
(17, 2, 'N/A', 'N/A', 4, 19, NULL, NULL, '2020-07-02 16:27:03', '2014-07-26', '2019-07-25', 1),
(18, 3, 'null', 'CN0JF44YFCC009A8APFB', 4, 21, NULL, 1, '2020-07-02 16:27:03', '2020-01-12', '2023-01-12', 1),
(19, 3, 'null', 'CN0JF44YFCC009A8C73B', 4, 22, NULL, 1, '2020-07-02 16:27:03', '2020-01-12', '2023-01-12', 1),
(20, 3, 'null', 'lenovo', 4, 23, NULL, NULL, '2020-07-02 16:27:03', '2016-09-07', '2019-10-21', 1),
(21, 3, '1131', 'V3CV406', 4, 24, NULL, 1, '2020-07-02 16:27:03', '2017-06-30', '2021-06-01', 1),
(22, 2, 'null', 'MY19H9LS203700R', 4, 25, NULL, NULL, '2020-07-02 16:27:03', NULL, NULL, 1),
(23, 3, '205', 'ZZMFH4ZJ200672Y', 4, 26, NULL, 5, '2020-07-02 16:27:03', '2017-05-13', '2020-05-14', 1),
(24, 2, 'null', 'Sin pantalla', 4, 27, NULL, NULL, '2020-07-02 16:27:03', '2014-12-06', '2019-12-05', 1),
(25, 3, 'null', 'CN0JF44YFCC009A8APNB', 4, 158, NULL, 1, '2020-07-02 16:27:03', '2020-01-12', '2023-01-12', 1),
(26, 3, 'null', '4ZWV8W2', 4, 29, NULL, 1, '2020-07-02 16:27:03', '2020-01-16', '2023-01-17', 1),
(27, 2, 'null', '6811-7353', 4, 30, NULL, NULL, '2020-07-02 16:27:03', '2014-08-12', '2017-09-25', 1),
(28, 2, 'null', 'lenovo', 4, 31, NULL, NULL, '2020-07-02 16:27:03', '2012-09-26', '2015-11-09', 1),
(29, 2, 'null', 'Sin pantalla', 4, 32, NULL, NULL, '2020-07-02 16:27:03', '2015-03-20', '2020-03-19', 1),
(30, 3, 'null', '6FC6HN2', 4, 33, NULL, NULL, '2020-07-02 16:27:03', '2019-03-01', '2020-02-21', 1),
(31, 3, 'null', 'CN0JF44YFCC009A8AP9B', 4, 34, NULL, 1, '2020-07-02 16:27:03', '2020-01-12', '2023-01-12', 1),
(32, 3, '616', '2FC6HN2', 4, 35, NULL, 1, '2020-07-02 16:27:03', '2019-03-01', '2020-02-21', 1),
(33, 3, '625', '7DC6HN2', 4, 36, NULL, 1, '2020-07-02 16:27:03', '2019-03-01', '2020-02-21', 1),
(34, 3, '619', '1FC6HN2', 4, 37, NULL, 1, '2020-07-02 16:27:03', '2019-03-01', '2020-02-21', 1),
(35, 3, 'null', 'CN0JF44YFCC009A8APHB', 4, 38, NULL, 1, '2020-07-02 16:27:03', '2020-01-12', '2023-01-12', 1),
(36, 3, '501', 'ZZP0H4ZK300184X', 4, 39, NULL, NULL, '2020-07-02 16:27:04', '2017-05-13', '2020-05-14', 1),
(37, 3, '621', 'B2C6HN2', 4, 40, NULL, 1, '2020-07-02 16:27:04', '2019-03-01', '2020-02-21', 1),
(38, 3, 'null', '0', 4, 41, NULL, NULL, '2020-07-02 16:27:04', '2016-09-07', '2019-10-21', 1),
(39, 2, 'null', 'Sin pantalla', 4, 42, NULL, NULL, '2020-07-02 16:27:04', '2015-09-20', '2018-11-03', 1),
(40, 2, 'null', 'Sin pantalla', 4, 43, NULL, NULL, '2020-07-02 16:27:04', '2015-07-04', '2020-07-03', 1),
(41, 2, '310', 'ZZP0H4ZJ500034P', 4, 44, NULL, 5, '2020-07-02 16:27:04', '2013-09-20', '2014-09-20', 1),
(42, 3, '239', 'CM19H9FS808415N', 4, 45, NULL, 1, '2020-07-02 16:27:04', '2017-06-30', '2021-06-01', 1),
(43, 2, 'null', 'CN0V7JP5QDC009AI830I', 4, 46, NULL, 1, '2020-07-02 16:27:04', '2016-02-12', '2019-02-11', 1),
(44, 3, 'null', '0', 4, 47, NULL, NULL, '2020-07-02 16:27:04', NULL, NULL, 1),
(45, 3, '503', 'ZZP0H4ZK400470A', 4, 48, NULL, 5, '2020-07-02 16:27:04', '2017-05-13', '2020-05-14', 1),
(46, 2, 'null', 'CN0V7JP5QDC009AI83WI', 4, 49, NULL, 1, '2020-07-02 16:27:04', '2015-03-20', '2018-05-03', 1),
(47, 3, 'N/A', 'N/A', 4, 50, NULL, NULL, '2020-07-02 16:27:04', '2016-09-07', '2019-10-21', 1),
(48, 3, 'null', 'CN0V7JP5QDC009AI82PI', 4, 51, NULL, 1, '2020-07-02 16:27:04', '2020-01-16', '2023-01-17', 1),
(49, 3, 'null', 'CN0JF44YFCC009A8ANRB', 4, 52, NULL, 1, '2020-07-02 16:27:04', '2020-01-12', '2023-01-12', 1),
(50, 3, '631', '8DC6HN2', 4, 53, NULL, 1, '2020-07-02 16:27:04', '2019-03-01', '2020-02-21', 1),
(51, 3, 'null', 'CN0JF44YFCC009A8C6RB', 4, 54, NULL, 1, '2020-07-02 16:27:04', '2020-01-12', '2023-01-12', 1),
(52, 2, 'null', 'Sin pantalla', 4, 55, NULL, NULL, '2020-07-02 16:27:04', '2015-07-04', '2018-08-17', 1),
(53, 3, 'null', 'CN0JF44YFCC009A8ANTB', 4, 56, NULL, 1, '2020-07-02 16:27:04', '2020-01-12', '2023-01-12', 1),
(54, 3, 'null', 'CN0JF44YFCC009A8C6UB', 4, 57, NULL, 1, '2020-07-02 16:27:04', '2020-01-12', '2023-01-12', 1),
(55, 3, 'null', 'RSM-137865', 4, 59, NULL, 1, '2020-07-02 16:27:04', '2019-03-01', '2020-02-21', 1),
(56, 3, 'null', 'CN0JF44YFCC009A8CL9B', 4, 60, NULL, 1, '2020-07-02 16:27:04', '2020-01-12', '2023-01-12', 1),
(57, 3, 'null', 'CN0JF44YFCC009A8APUB', 4, 61, NULL, 1, '2020-07-02 16:27:04', '2020-01-12', '2023-01-12', 1),
(58, 1, 'RSM-137871', 'CN0KW14V742615CI4MKB', 4, 63, NULL, 2, '2020-07-02 16:27:05', '2013-08-30', '2016-09-08', 1),
(59, 3, 'null', 'CN0JF44YFCC009A8CL8B', 4, 65, NULL, 1, '2020-07-02 16:27:05', '2020-01-12', '2023-01-12', 1),
(60, 1, 'null', 'RSM-137870', 4, 66, NULL, 1, '2020-07-02 16:27:05', NULL, NULL, 1),
(61, 3, '632', '9FC6HN2', 4, 67, NULL, 1, '2020-07-02 16:27:05', '2019-03-01', '2020-02-21', 1),
(62, 3, '614', '6DC6HN2', 4, 68, NULL, 1, '2020-07-02 16:27:05', '2019-03-01', '2020-02-21', 1),
(63, 3, '450', 'V257013', 4, 69, NULL, 1, '2020-07-02 16:27:05', '2017-06-30', '2021-06-01', 1),
(64, 3, '633', 'GDC6HN2', 4, 70, NULL, 1, '2020-07-02 16:27:05', '2019-03-01', '2020-02-21', 1),
(65, 1, 'null', 'RSM-134348', 4, 71, NULL, 2, '2020-07-02 16:27:05', NULL, NULL, 1),
(66, 3, 'null', 'CN0JF44YFCC009A8CLDB', 4, 72, NULL, 1, '2020-07-02 16:27:05', '2020-01-12', '2023-01-12', 1),
(67, 3, '121', 'MY19H9MS836513B', 4, 73, NULL, 2, '2020-07-02 16:27:30', NULL, NULL, 1),
(68, 2, 'null', 'N/A', 4, 74, NULL, NULL, '2020-07-02 16:27:30', '2016-03-28', '2019-05-11', 1),
(69, 2, 'null', 'CN0V7JP5QDC009AJ1EUB', 4, 75, NULL, 1, '2020-07-02 16:27:30', '2017-06-30', '2021-06-01', 1),
(70, 3, '1075', 'MY19H9LS203700R', 4, 76, NULL, 1, '2020-07-02 16:27:30', '2017-06-30', '2021-06-01', 1),
(71, 3, 'null', 'len E4z5', 4, 77, NULL, NULL, '2020-07-02 16:27:30', '2016-09-07', '2019-10-21', 1),
(72, 3, 'null', '0', 4, 78, NULL, NULL, '2020-07-02 16:27:30', NULL, NULL, 1),
(73, 3, 'null', 'CN0JF44YFCC009A8APRB', 4, 79, NULL, 1, '2020-07-02 16:27:30', '2020-01-12', '2023-01-12', 1),
(74, 3, 'null', 'CN0V7JP5QDC009AI84AI', 4, 80, NULL, 1, '2020-07-02 16:27:30', '2020-01-16', '2023-01-17', 1),
(75, 2, 'null', '0', 4, 81, NULL, NULL, '2020-07-02 16:27:30', '2014-07-26', '2019-05-23', 1),
(76, 3, 'N/A', 'N/A', 4, 82, NULL, NULL, '2020-07-02 16:27:30', '2013-08-30', '2016-09-08', 1),
(77, 3, 'null', 'CN0V7JP5QDC009AI843I', 4, 83, NULL, 1, '2020-07-02 16:27:31', '2020-01-16', '2023-01-17', 1),
(78, 3, 'null', 'N/A', 4, 84, NULL, NULL, '2020-07-02 16:27:31', NULL, NULL, 1),
(79, 2, 'null', 'CNOV7JP5QDC009AI82KI', 4, 85, NULL, 1, '2020-07-02 16:27:31', '2014-10-10', '2015-10-10', 1),
(80, 3, 'null', 'CN0JF44YFCC009A8ANRB', 4, 86, NULL, 1, '2020-07-02 16:27:31', '2020-01-12', '2023-01-12', 1),
(81, 3, 'null', '0', 4, 87, NULL, NULL, '2020-07-02 16:27:31', NULL, NULL, 1),
(82, 3, '504', 'ZZP0H4ZK400468R', 4, 88, NULL, 5, '2020-07-02 16:27:31', '2017-05-13', '2020-05-14', 1),
(83, 3, '181', 'ZZMFH4ZJ201116B', 4, 89, NULL, 5, '2020-07-02 16:27:31', '2017-05-13', '2020-05-14', 1),
(84, 3, 'null', '7FC6HN2', 4, 90, NULL, 1, '2020-07-02 16:27:31', '2019-03-01', '2020-02-21', 1),
(85, 3, 'null', 'CN0JF44YFCC009A8APCB', 4, 91, NULL, 1, '2020-07-02 16:27:31', '2020-01-12', '2023-01-12', 1),
(86, 2, 'null', 'len 102F', 4, 92, NULL, NULL, '2020-07-02 16:27:31', '2015-03-20', '2020-03-19', 1),
(87, 1, 'null', 'CN0JF44YFCC009A8APKB', 4, 93, NULL, 1, '2020-07-02 16:27:31', '2020-01-12', '2023-01-12', 1),
(88, 1, 'null', 'RSM-133785', 4, 94, NULL, 2, '2020-07-02 16:27:31', NULL, NULL, 1),
(89, 3, '620', '2DC6HN2', 4, 95, NULL, 1, '2020-07-02 16:27:31', '2019-03-01', '2020-02-21', 1),
(90, 3, 'null', 'CN0JF44YFCC009A8APLB', 4, 96, NULL, 1, '2020-07-02 16:27:31', '2020-01-12', '2023-01-12', 1),
(91, 3, '628', 'BDC6HN2', 4, 97, NULL, 1, '2020-07-02 16:27:31', '2019-03-01', '2020-02-21', 1),
(92, 2, 'null', '0', 4, 98, NULL, NULL, '2020-07-02 16:27:31', '2015-03-20', '2020-03-19', 1),
(93, 3, 'null', '0', 4, 99, NULL, NULL, '2020-07-02 16:27:31', NULL, NULL, 1),
(94, 2, 'null', 'len ER0H', 4, 100, NULL, NULL, '2020-07-02 16:27:31', '2014-03-23', '2019-03-22', 1),
(95, 3, '630', 'HFC6HN2', 4, 101, NULL, 1, '2020-07-02 16:27:31', '2019-03-01', '2020-02-21', 1),
(96, 3, 'null', 'CN0V7JP5QDC009AJ1ENB', 4, 103, NULL, 1, '2020-07-02 16:27:31', '2020-01-16', '2023-01-17', 1),
(97, 3, '508', 'ZZP0H4ZK400414T', 4, 104, NULL, 5, '2020-07-02 16:27:31', '2017-05-13', '2020-05-14', 1),
(98, 3, 'null', 'CN0JF44YFCC009A8AP7B', 4, 105, NULL, 1, '2020-07-02 16:27:31', '2020-01-12', '2023-01-12', 1),
(99, 3, '625', 'GFC6HN2', 4, 106, NULL, 1, '2020-07-02 16:27:32', '2019-03-01', '2020-02-21', 1),
(100, 3, 'null', 'CN0V7JP5QDC009AJ1ETB', 4, 107, NULL, 1, '2020-07-02 16:27:32', '2020-01-16', '2023-01-17', 1),
(101, 3, 'null', '0', 4, 108, NULL, NULL, '2020-07-02 16:27:32', NULL, NULL, 1),
(102, 3, '248', 'LEN V257010', 4, 109, NULL, 1, '2020-07-02 16:27:32', '2017-06-30', '2021-06-01', 1),
(103, 3, 'null', 'CFC6HN2', 4, 110, NULL, NULL, '2020-07-02 16:27:32', '2019-03-01', '2020-02-21', 1),
(104, 3, 'null', 'CN0JF44YFCC009A8APMB', 4, 111, NULL, 1, '2020-07-02 16:27:32', '2020-01-12', '2023-01-12', 1),
(105, 3, 'null', 'CN0JF44YFCC009A8APJB', 4, 112, NULL, 1, '2020-07-02 16:27:32', '2020-01-12', '2023-01-12', 1),
(106, 3, 'null', 'CN0JF44YFCC009A8APDB', 4, 113, NULL, 1, '2020-07-02 16:27:32', '2020-01-12', '2023-01-12', 1),
(107, 3, 'null', 'lenovo', 4, 114, NULL, NULL, '2020-07-02 16:27:32', '2016-09-07', '2019-10-21', 1),
(108, 2, 'null', '0', 4, 116, NULL, NULL, '2020-07-02 16:27:32', '2014-03-23', '2019-03-22', 1),
(109, 3, 'null', '0', 4, 117, NULL, NULL, '2020-07-02 16:27:32', NULL, NULL, 1),
(110, 3, 'null', 'CN0V7JP5QDC009AE97RL', 4, 118, NULL, 1, '2020-07-02 16:27:32', '2020-01-16', '2023-01-17', 1),
(111, 2, 'null', '0', 4, 119, NULL, NULL, '2020-07-02 16:27:32', '2014-05-24', '2019-05-23', 1),
(112, 3, '473', 'CM20H9LS222425V', 4, 120, NULL, 1, '2020-07-02 16:27:32', '2017-05-13', '2020-05-14', 1),
(113, 2, 'null', 'len s1h03dcq', 4, 121, NULL, NULL, '2020-07-02 16:27:32', '2015-09-20', '2018-11-03', 1),
(114, 3, 'null', 'CN0V7JP5QDC009AE975L', 4, 122, NULL, 1, '2020-07-02 16:27:32', '2020-01-16', '2023-01-17', 1),
(115, 3, '0073', 'V337868', 4, 123, NULL, 1, '2020-07-02 16:27:32', '2017-05-13', '2020-05-14', 1),
(116, 3, 'null', 'CN0JF44YFCC009A8APEB', 4, 124, NULL, 1, '2020-07-02 16:27:32', '2020-01-12', '2023-01-12', 1),
(117, 3, 'null', 'CN0JF44YFCC009A8APAB', 4, 125, NULL, 1, '2020-07-02 16:27:32', '2020-01-12', '2023-01-12', 1),
(118, 2, 'null', '0', 4, 126, NULL, NULL, '2020-07-02 16:27:32', NULL, NULL, 1),
(119, 1, 'null', 'RSM-133046', 4, 128, NULL, 2, '2020-07-02 16:27:32', NULL, NULL, 1),
(120, 3, 'null', '0', 4, 129, NULL, NULL, '2020-07-02 16:27:32', NULL, NULL, 1),
(121, 1, 'null', 'RSM-133014', 4, 130, NULL, 2, '2020-07-02 16:27:32', NULL, NULL, 1),
(122, 1, 'null', 'RSM-137339', 4, 131, NULL, 2, '2020-07-02 16:27:32', NULL, NULL, 1),
(123, 1, 'null', 'RSM-133037', 4, 132, NULL, 2, '2020-07-02 16:27:33', '2019-11-29', NULL, 1),
(124, 3, '0615', '99C6HN2', 4, 133, NULL, 1, '2020-07-02 16:27:33', NULL, NULL, 1),
(125, 3, '0622', '3DC6HN2', 4, 134, NULL, 1, '2020-07-02 16:27:33', NULL, NULL, 1),
(126, 2, 'null', '0', 4, 135, NULL, NULL, '2020-07-02 16:27:33', NULL, NULL, 1),
(127, 3, '0216', 'ZZMFH4ZJ201060W', 4, 136, NULL, 5, '2020-07-02 16:27:33', '2017-05-13', '2020-05-14', 1),
(128, 3, '0609', '9DC6HN2', 4, 137, NULL, 1, '2020-07-02 16:27:33', NULL, NULL, 1),
(129, 2, 'null', 'ZZMFH4ZJ200927V', 4, 138, NULL, 5, '2020-07-02 16:27:33', NULL, NULL, 1),
(130, 1, 'null', 'RSM-133879', 4, 139, NULL, 2, '2020-07-02 16:27:33', NULL, NULL, 1),
(131, 1, 'null', 'RSM-133081', 4, 140, NULL, 2, '2020-07-02 16:27:33', NULL, NULL, 1),
(132, 1, 'null', 'RSM-133092', 4, 141, NULL, 2, '2020-07-02 16:27:33', NULL, NULL, 1),
(133, 1, 'null', 'RSM-137844', 4, 142, NULL, NULL, '2020-07-02 16:27:33', '2020-01-13', NULL, 1),
(134, 1, 'null', 'RSM-133001', 4, 143, NULL, 2, '2020-07-02 16:27:33', '2020-01-13', NULL, 1),
(135, 1, 'null', 'RSM-133699', 4, 144, NULL, 2, '2020-07-02 16:27:33', NULL, NULL, 1),
(136, 3, 'null', '0', 4, 145, NULL, NULL, '2020-07-02 16:27:33', NULL, NULL, 1),
(137, 1, 'null', 'RSM-135379', 4, 146, NULL, 2, '2020-07-02 16:27:33', NULL, NULL, 1),
(138, 1, 'null', 'RSM-136987', 4, 147, NULL, 2, '2020-07-02 16:27:33', NULL, NULL, 1),
(139, 1, 'RSM-132861', 'RSM-132861', 4, 148, NULL, NULL, '2020-07-02 16:27:33', '2020-02-26', NULL, 1),
(140, 2, 'null', '0', 4, 149, NULL, NULL, '2020-07-02 16:27:33', NULL, NULL, 1),
(141, 3, 'null', '0', 4, 150, NULL, NULL, '2020-07-02 16:27:33', NULL, NULL, 1),
(142, 3, '43810', '0', 4, 151, NULL, NULL, '2020-07-02 16:27:33', NULL, NULL, 1),
(143, 3, 'null', 'CN-0668VC-QDC00-8A8-3JDL-A07', 4, 152, NULL, 1, '2020-07-02 16:27:33', '2019-03-01', NULL, 1),
(144, 2, 'null', 'lenovo', 4, 153, NULL, NULL, '2020-07-02 16:27:33', '2014-05-24', '2019-05-23', 1),
(145, 3, 'null', '0', 4, 154, NULL, NULL, '2020-07-02 16:27:33', '2020-01-16', '2023-01-17', 1),
(146, 3, 'null', '0', 4, 155, NULL, NULL, '2020-07-02 16:27:33', NULL, NULL, 1),
(147, 2, 'null', '0', 4, 156, NULL, NULL, '2020-07-02 16:27:34', NULL, NULL, 1),
(148, 2, 'null', '0', 4, 157, NULL, NULL, '2020-07-02 16:27:34', NULL, NULL, 1),
(149, 4, 'null', '0', 4, 70, NULL, NULL, '2020-07-02 16:27:34', NULL, NULL, 1),
(150, 2, 'null', '0', 4, 72, NULL, NULL, '2020-07-02 16:27:34', NULL, NULL, 1),
(151, 4, 'null', '0', 4, 134, NULL, NULL, '2020-07-02 16:27:34', NULL, NULL, 1),
(152, 4, 'null', '0', 4, 108, NULL, NULL, '2020-07-02 16:27:34', NULL, NULL, 1),
(153, 3, 'null', '0', 4, 78, NULL, NULL, '2020-07-02 16:27:34', NULL, NULL, 1),
(154, 1, 'null', '0', 4, 144, NULL, NULL, '2020-07-02 16:27:34', NULL, NULL, 1),
(155, 4, 'null', '0', 4, 90, NULL, NULL, '2020-07-02 16:27:34', NULL, NULL, 1),
(156, 4, 'null', '0', 4, 5, NULL, NULL, '2020-07-02 16:27:34', NULL, NULL, 1),
(157, 1, 'null', '0', 4, 68, NULL, NULL, '2020-07-02 16:27:34', NULL, NULL, 1),
(158, 1, 'null', '0', 4, 73, NULL, NULL, '2020-07-02 16:27:34', NULL, NULL, 1),
(159, 1, 'null', '0', 4, 151, NULL, NULL, '2020-07-02 16:27:34', NULL, NULL, 1),
(160, 3, 'null', '0', 4, 25, NULL, NULL, '2020-07-02 16:27:34', '2017-06-30', '2021-06-01', 1),
(161, 1, 'null', '0', 4, 27, NULL, NULL, '2020-07-02 16:27:34', NULL, NULL, 1),
(162, 1, 'null', '0', 4, 28, NULL, NULL, '2020-07-02 16:27:34', NULL, NULL, 1),
(163, 1, 'null', '0', 4, 33, NULL, NULL, '2020-07-02 16:27:34', NULL, NULL, 1),
(164, 3, 'null', 'CN0JF44YFCC009A8AHEB', 4, 58, NULL, 1, '2020-07-02 16:27:34', '2020-01-12', '2023-01-12', 1),
(165, 1, 'null', '0', 4, 42, NULL, NULL, '2020-07-02 16:27:34', NULL, NULL, 1),
(166, 3, 'null', 'Q40619N-608-293', 4, 30, NULL, NULL, '2020-07-02 16:27:34', '2020-01-16', '2023-01-17', 1),
(167, 1, 'null', '0', 4, 43, NULL, NULL, '2020-07-02 16:27:34', NULL, NULL, 1),
(168, 1, 'null', '0', 4, 53, NULL, NULL, '2020-07-02 16:27:34', NULL, NULL, 1),
(169, 1, 'null', '0', 4, 54, NULL, NULL, '2020-07-02 16:27:34', NULL, NULL, 1),
(170, 1, 'null', '0', 4, 74, NULL, NULL, '2020-07-02 16:27:34', NULL, NULL, 1),
(171, 1, 'null', '0', 4, 38, NULL, NULL, '2020-07-02 16:27:34', NULL, NULL, 1),
(172, 1, 'null', '0', 4, 55, NULL, NULL, '2020-07-02 16:27:34', NULL, NULL, 1),
(173, 2, 'null', 'lenovo', 4, 7, NULL, NULL, '2020-07-02 16:27:34', '2014-03-23', '2019-03-22', 1),
(174, 3, 'null', '0', 4, 127, NULL, NULL, '2020-07-02 16:27:35', NULL, NULL, 1),
(175, 3, 'null', '1X7SH03', 1, 1, NULL, 1, '2020-07-02 16:29:03', '2020-01-12', '2023-01-12', 1),
(176, 3, '648', 'JLQY0T2', 1, 2, NULL, 2, '2020-07-02 16:29:03', '2019-03-01', '2020-02-21', 1),
(177, 3, '637', 'JLQC1T2', 1, 3, NULL, 2, '2020-07-02 16:29:03', '2019-03-01', '2020-02-21', 1),
(178, 3, '325', 'MJ04E4YV', 2, 4, NULL, 3, '2020-07-02 16:29:03', '2016-09-07', '2019-10-21', 1),
(179, 3, '634', 'JLRD1T2', 1, 5, NULL, 2, '2020-07-02 16:29:03', '2019-03-01', '2020-02-21', 1),
(180, 3, '1189', 'DRR4BG2', 3, 6, NULL, 4, '2020-07-02 16:29:03', '2017-05-13', '2020-05-14', 1),
(181, 1, 'null', 'RS-128367', 1, 8, NULL, 5, '2020-07-02 16:29:03', '2020-02-26', NULL, 1),
(182, 3, '641', 'JLR51T2', 1, 9, NULL, 2, '2020-07-02 16:29:04', '2019-03-01', '2020-02-21', 1),
(183, 3, 'null', '1XWNH03', 1, 10, NULL, 1, '2020-07-02 16:29:04', '2020-01-12', '2023-01-12', 1),
(184, 3, 'null', '1X7MH03', 1, 11, NULL, 1, '2020-07-02 16:29:04', '2020-01-12', '2023-01-12', 1),
(185, 3, 'null', 'C1XFGW2', 1, 13, NULL, 7, '2020-07-02 16:29:04', '2020-01-16', '2023-01-17', 1),
(186, 3, '487', 'BB7KPH2', 1, 14, NULL, 8, '2020-07-02 16:29:04', '2017-06-30', '2021-06-01', 1),
(187, 2, '46', 'MJ05MT1', 1, 15, NULL, 9, '2020-07-02 16:29:04', '2013-08-30', '2016-09-08', 1),
(188, 2, '0395', 'S1H01U0H', 1, 16, NULL, 10, '2020-07-02 16:29:04', NULL, NULL, 1),
(189, 3, '635', 'JLQ31T2', 1, 17, NULL, 2, '2020-07-02 16:29:04', '2019-03-01', '2020-02-21', 1),
(190, 3, 'null', '1XCVH03', 1, 18, NULL, 1, '2020-07-02 16:29:04', '2020-01-12', '2023-01-12', 1),
(191, 2, '456', 'S1002ZZ0', 1, 19, NULL, 10, '2020-07-02 16:29:04', '2014-07-26', '2019-07-25', 1),
(192, 3, 'null', '1XWLH03', 1, 21, NULL, 1, '2020-07-02 16:29:04', '2020-01-12', '2023-01-12', 1),
(193, 3, 'null', '1XWQH03', 1, 22, NULL, 1, '2020-07-02 16:29:04', '2020-01-12', '2023-01-12', 1),
(194, 3, '404', 'MJ04E4Z6', 1, 23, NULL, 3, '2020-07-02 16:29:04', '2016-09-07', '2019-10-21', 1),
(195, 3, '498', 'DQ22QH2', 1, 24, NULL, 8, '2020-07-02 16:29:04', '2017-06-30', '2021-06-01', 1),
(196, 2, '86', 'CMHNLN1', 1, 25, NULL, 12, '2020-07-02 16:29:04', NULL, NULL, 1),
(197, 3, '1195', '5PS4BG2', 1, 26, NULL, 4, '2020-07-02 16:29:04', '2017-05-13', '2020-05-14', 1),
(198, 2, '1128/0028', 'S1H00SK0', 1, 27, NULL, 10, '2020-07-02 16:29:04', '2014-12-06', '2019-12-05', 1),
(199, 3, 'null', '1XGLH03', 1, 28, NULL, 1, '2020-07-02 16:29:04', '2020-01-12', '2023-01-12', 1),
(200, 3, 'null', 'DWWFGW2', 3, 29, NULL, 7, '2020-07-02 16:29:04', '2020-01-16', '2023-01-17', 1),
(201, 2, '1099', 'MJ018VDD', 1, 30, NULL, 13, '2020-07-02 16:29:04', '2014-08-12', '2017-09-25', 1),
(202, 2, '1013', 'S1FHP28', 1, 31, NULL, 10, '2020-07-02 16:29:04', '2012-09-26', '2015-11-09', 1),
(203, 2, '1107/470', 'S1H01TXW', 1, 32, NULL, 10, '2020-07-02 16:29:05', '2015-03-20', '2020-03-19', 1),
(204, 3, '658', 'JLS21T2', 1, 33, NULL, 2, '2020-07-02 16:29:05', '2019-03-01', '2020-02-21', 1),
(205, 3, 'null', '1XFRH03', 1, 34, NULL, 1, '2020-07-02 16:29:05', '2020-01-12', '2023-01-12', 1),
(206, 3, '644', 'JLQ41T2', 1, 35, NULL, 2, '2020-07-02 16:29:05', '2019-03-01', '2020-02-21', 1),
(207, 3, '651', 'JLRZ0T2', 1, 36, NULL, 2, '2020-07-02 16:29:05', '2019-03-01', '2020-02-21', 1),
(208, 3, '638', 'JLP11T2', 1, 37, NULL, 2, '2020-07-02 16:29:05', '2019-03-01', '2020-02-21', 1),
(209, 3, 'null', '1XRRH03', 1, 38, NULL, 1, '2020-07-02 16:29:05', '2020-01-12', '2023-01-12', 1),
(210, 3, '1193', '9GXY9G2', 3, 39, NULL, 4, '2020-07-02 16:29:05', '2017-05-13', '2020-05-14', 1),
(211, 3, '640', 'JLRX0T2', 1, 40, NULL, 2, '2020-07-02 16:29:05', '2019-03-01', '2020-02-21', 1),
(212, 3, '1156', 'MJ04E4ZM', 1, 41, NULL, 3, '2020-07-02 16:29:05', '2016-09-07', '2019-10-21', 1),
(213, 2, '1119/0054', 'S1H03DGZ', 1, 42, NULL, 14, '2020-07-02 16:29:05', '2015-09-20', '2018-11-03', 1),
(214, 2, '1126/0059', 'MJ00XUXB', 1, 43, NULL, 10, '2020-07-02 16:29:05', '2015-07-04', '2020-07-03', 1),
(215, 2, 'MC120C5', 'MC120C5', 1, 44, NULL, 5, '2020-07-02 16:29:05', '2013-09-20', '2014-09-20', 1),
(216, 3, '0489.', '64VPPH2', 1, 45, NULL, 8, '2020-07-02 16:29:05', '2017-06-30', '2021-06-01', 1),
(217, 2, '383', 'S1H03DEL', 1, 46, NULL, 14, '2020-07-02 16:29:05', '2016-02-12', '2019-02-11', 1),
(218, 3, '509', 'YJ00D729', 1, 47, NULL, 15, '2020-07-02 16:29:05', NULL, NULL, 1),
(219, 3, '1250', '64D2BG2', 3, 48, NULL, 4, '2020-07-02 16:29:05', '2017-05-13', '2020-05-14', 1),
(220, 2, '144', 'S1H01U01', 1, 49, NULL, 14, '2020-07-02 16:29:05', '2015-03-20', '2018-05-03', 1),
(221, 3, '1158', 'MJ04E4YZ', 1, 50, NULL, 3, '2020-07-02 16:29:05', '2016-09-07', '2019-10-21', 1),
(222, 3, 'null', '7XWFGW2', 1, 51, NULL, 7, '2020-07-02 16:29:05', '2020-01-16', '2023-01-17', 1),
(223, 3, 'null', '1XWMH03', 1, 52, NULL, 1, '2020-07-02 16:29:06', '2020-01-12', '2023-01-12', 1),
(224, 3, '647', 'JLQ61T2', 1, 53, NULL, 2, '2020-07-02 16:29:06', '2019-03-01', '2020-02-21', 1),
(225, 3, 'null', '1X3QH03', 1, 54, NULL, 1, '2020-07-02 16:29:06', '2020-01-12', '2023-01-12', 1),
(226, 2, '1127/0023', 'MJ00ESZT', 1, 55, NULL, 14, '2020-07-02 16:29:06', '2015-07-04', '2018-08-17', 1),
(227, 3, 'null', '1XVMH03', 1, 56, NULL, 1, '2020-07-02 16:29:06', '2020-01-12', '2023-01-12', 1),
(228, 3, 'null', '1XMTH03', 1, 57, NULL, 1, '2020-07-02 16:29:06', '2020-01-12', '2023-01-12', 1),
(229, 3, '645', 'JLPG1T2', 1, 59, NULL, 2, '2020-07-02 16:29:06', '2019-03-01', '2020-02-21', 1),
(230, 3, 'null', '1X3LH03', 1, 60, NULL, 1, '2020-07-02 16:29:06', '2020-01-12', '2023-01-12', 1),
(231, 3, 'null', '1XBSH03', 1, 61, NULL, 1, '2020-07-02 16:29:06', '2020-01-12', '2023-01-12', 1),
(232, 1, 'null', 'RS-133996', 1, 63, NULL, 5, '2020-07-02 16:29:06', '2013-08-30', '2016-09-08', 1),
(233, 1, 'null', 'RS-128372', 1, 64, NULL, 5, '2020-07-02 16:29:06', NULL, NULL, 1),
(234, 3, 'null', '1XSTH03', 1, 65, NULL, 1, '2020-07-02 16:29:06', '2020-01-12', '2023-01-12', 1),
(235, 1, 'null', 'RS-128378', 1, 66, NULL, 5, '2020-07-02 16:29:06', NULL, NULL, 1),
(236, 3, '656', 'JLQ51T2', 1, 67, NULL, 2, '2020-07-02 16:29:06', '2019-03-01', '2020-02-21', 1),
(237, 3, '652', 'JLQZ0T2', 1, 68, NULL, 2, '2020-07-02 16:29:06', '2019-03-01', '2020-02-21', 1),
(238, 3, '492', 'BP22QH2', 3, 69, NULL, 8, '2020-07-02 16:29:06', '2017-06-30', '2021-06-01', 1),
(239, 3, '636', 'JLQF1T2', 1, 70, NULL, 2, '2020-07-02 16:29:06', '2019-03-01', '2020-02-21', 1),
(240, 1, 'null', 'RS-128383', 1, 71, NULL, 5, '2020-07-02 16:29:06', NULL, NULL, 1),
(241, 3, 'null', '1XDQH03', 1, 72, NULL, 1, '2020-07-02 16:29:06', '2020-01-12', '2023-01-12', 1),
(242, 3, 'null', 'MJ04E4YX', 1, 73, NULL, 3, '2020-07-02 16:29:06', NULL, NULL, 1),
(243, 2, '1130/0387', 'S1H041J9', 1, 74, NULL, 14, '2020-07-02 16:29:06', '2016-03-28', '2019-05-11', 1),
(244, 2, '495', 'DNWQPH2', 3, 75, NULL, 8, '2020-07-02 16:29:06', '2017-06-30', '2021-06-01', 1),
(245, 3, '491', 'HN1KPH2', 3, 76, NULL, 8, '2020-07-02 16:29:07', '2017-06-30', '2021-06-01', 1),
(246, 3, '100', 'MJ04E4Z5', 1, 77, NULL, 3, '2020-07-02 16:29:07', '2016-09-07', '2019-10-21', 1),
(247, 3, '512', 'YJ00D72K', 1, 78, NULL, 15, '2020-07-02 16:29:07', NULL, NULL, 1),
(248, 3, 'null', '1X5RH03', 1, 79, NULL, 1, '2020-07-02 16:29:07', '2020-01-12', '2023-01-12', 1),
(249, 3, 'null', 'C3XFGW2', 1, 80, NULL, 7, '2020-07-02 16:29:07', '2020-01-16', '2023-01-17', 1),
(250, 2, '292', 'S100300M', 1, 81, NULL, 10, '2020-07-02 16:29:07', '2014-07-26', '2019-05-23', 1),
(251, 3, '351', 'S1HEL83', 1, 82, NULL, 10, '2020-07-02 16:29:07', '2013-08-30', '2016-09-08', 1),
(252, 3, 'null', 'J2XFGW2', 1, 83, NULL, 7, '2020-07-02 16:29:07', '2020-01-16', '2023-01-17', 1),
(253, 3, '0510', 'YJ00T73X', 1, 84, NULL, 15, '2020-07-02 16:29:07', NULL, NULL, 1),
(254, 2, 'MC250C5', 'MC250C5', 1, 85, NULL, 5, '2020-07-02 16:29:07', '2014-10-10', '2015-10-10', 1),
(255, 3, 'null', '1X9PH03', 1, 86, NULL, 1, '2020-07-02 16:29:07', '2020-01-12', '2023-01-12', 1),
(256, 3, '0050', '10BD00FELS', 1, 87, NULL, 10, '2020-07-02 16:29:07', NULL, NULL, 1),
(257, 3, '1184', 'JY60BG2', 1, 88, NULL, 4, '2020-07-02 16:29:07', '2017-05-13', '2020-05-14', 1),
(258, 3, '1174', '88J0BG2', 1, 89, NULL, 4, '2020-07-02 16:29:07', '2017-05-13', '2020-05-14', 1),
(259, 3, '643', 'JLPB1T2', 1, 90, NULL, 2, '2020-07-02 16:29:07', '2019-03-01', '2020-02-21', 1),
(260, 3, 'null', '1XBMH03', 1, 91, NULL, 1, '2020-07-02 16:29:07', '2020-01-12', '2023-01-12', 1),
(261, 2, '108', 'S1H01U2F', 1, 92, NULL, 10, '2020-07-02 16:29:07', '2015-03-20', '2020-03-19', 1),
(262, 1, 'null', 'RS-128384', 1, 93, NULL, 5, '2020-07-02 16:29:07', '2020-01-12', '2023-01-12', 1),
(263, 1, 'null', 'RS-133954', 1, 94, NULL, 5, '2020-07-02 16:29:07', NULL, NULL, 1),
(264, 3, '654', 'JLSH1T2', 1, 95, NULL, 2, '2020-07-02 16:29:07', '2019-03-01', '2020-02-21', 1),
(265, 3, 'null', '1X6LH03', 1, 96, NULL, 1, '2020-07-02 16:29:07', '2020-01-12', '2023-01-12', 1),
(266, 3, '650', 'JLSG1T2', 1, 97, NULL, 2, '2020-07-02 16:29:07', '2019-03-01', '2020-02-21', 1),
(267, 2, '1108/0141', 'S1H01U1R', 2, 98, NULL, 10, '2020-07-02 16:29:07', '2015-03-20', '2020-03-19', 1),
(268, 3, '511', 'YJ00D74G', 2, 99, NULL, 15, '2020-07-02 16:29:07', NULL, NULL, 1),
(269, 2, '257', 'MJ00ERQH', 2, 100, NULL, 14, '2020-07-02 16:29:08', '2014-03-23', '2019-03-22', 1),
(270, 3, '657', 'JLPF1T2', 1, 101, NULL, 2, '2020-07-02 16:29:08', '2019-03-01', '2020-02-21', 1),
(271, 3, 'null', '5XWFGW2', 3, 103, NULL, 7, '2020-07-02 16:29:08', '2020-01-16', '2023-01-17', 1),
(272, 3, '1185', '35J0BG2', 3, 104, NULL, 4, '2020-07-02 16:29:08', '2017-05-13', '2020-05-14', 1),
(273, 3, 'null', '1X4VH03', 1, 105, NULL, 1, '2020-07-02 16:29:08', '2020-01-12', '2023-01-12', 1),
(274, 3, '649', 'JLS81T2', 1, 106, NULL, 2, '2020-07-02 16:29:08', '2019-03-01', '2020-02-21', 1),
(275, 3, 'null', '8XWFGW2', 3, 107, NULL, 7, '2020-07-02 16:29:08', '2020-01-16', '2023-01-17', 1),
(276, 3, '513', 'YJ00D730', 2, 108, NULL, 15, '2020-07-02 16:29:08', NULL, NULL, 1),
(277, 3, '497', '4ZVJPH2', 3, 109, NULL, 8, '2020-07-02 16:29:08', '2017-06-30', '2021-06-01', 1),
(278, 3, '653', 'JLSZ0T2', 1, 110, NULL, 2, '2020-07-02 16:29:08', '2019-03-01', '2020-02-21', 1),
(279, 3, 'null', '1XKMH03', 3, 111, NULL, 1, '2020-07-02 16:29:08', '2020-01-12', '2023-01-12', 1),
(280, 3, 'null', '1X3RH03', 1, 112, NULL, 1, '2020-07-02 16:29:08', '2020-01-12', '2023-01-12', 1),
(281, 3, 'null', '1X4SH03', 1, 113, NULL, 1, '2020-07-02 16:29:08', '2020-01-12', '2023-01-12', 1),
(282, 3, '337', 'MJ04E4Z2', 2, 114, NULL, 3, '2020-07-02 16:29:08', '2016-09-07', '2019-10-21', 1),
(283, 2, '333', 'MJ00ERRA', 2, 116, NULL, 14, '2020-07-02 16:29:08', '2014-03-23', '2019-03-22', 1),
(284, 3, 'MAC', 'C02TW6HPJ1WL', 3, 117, NULL, 5, '2020-07-02 16:29:08', NULL, NULL, 1),
(285, 3, 'null', '2YWFGW2', 3, 118, NULL, 7, '2020-07-02 16:29:08', '2020-01-16', '2023-01-17', 1),
(286, 2, '138', 'S1002CX7', 2, 119, NULL, 10, '2020-07-02 16:29:08', '2014-05-24', '2019-05-23', 1),
(287, 3, '1187', '2D2Z9G2', 3, 120, NULL, 4, '2020-07-02 16:29:08', '2017-05-13', '2020-05-14', 1),
(288, 2, '1125/0091', 'S1H03DCQ', 2, 121, NULL, 14, '2020-07-02 16:29:08', '2015-09-20', '2018-11-03', 1),
(289, 3, 'null', '4DLBQT2', 3, 122, NULL, 7, '2020-07-02 16:29:08', '2020-01-16', '2023-01-17', 1),
(290, 3, '1192', '7115BG2', 3, 123, NULL, 4, '2020-07-02 16:29:08', '2017-05-13', '2020-05-14', 1),
(291, 3, 'null', '1XRQH03', 1, 124, NULL, 1, '2020-07-02 16:29:08', '2020-01-12', '2023-01-12', 1),
(292, 3, 'null', '1X7VH03', 1, 125, NULL, 1, '2020-07-02 16:29:08', '2020-01-12', '2023-01-12', 1),
(293, 2, '1122', 'S1H03DFZ', 2, 126, NULL, 14, '2020-07-02 16:29:08', NULL, NULL, 1),
(294, 1, 'null', 'RS-133974', 1, 128, NULL, 5, '2020-07-02 16:29:08', NULL, NULL, 1),
(295, 3, '151', '1S3574A8SS1EXG03', 2, 129, NULL, 9, '2020-07-02 16:29:09', NULL, NULL, 1),
(296, 1, 'null', 'RS-133980', 1, 130, NULL, 5, '2020-07-02 16:29:09', NULL, NULL, 1),
(297, 1, 'null', 'RS-133981', 1, 131, NULL, 5, '2020-07-02 16:29:09', NULL, NULL, 1),
(298, 1, 'null', 'RS-133984', 1, 132, NULL, 5, '2020-07-02 16:29:09', '2019-11-29', NULL, 1),
(299, 3, '0639', 'JLR61T2', 1, 133, NULL, 2, '2020-07-02 16:29:09', NULL, NULL, 1),
(300, 3, '0655', 'JLS91T2', 1, 134, NULL, 2, '2020-07-02 16:29:09', NULL, NULL, 1),
(301, 2, '0033', '0', 2, 135, NULL, NULL, '2020-07-02 16:29:09', NULL, NULL, 1),
(302, 3, 'null', '6H5Y5S2', 3, 136, NULL, 4, '2020-07-02 16:29:09', '2017-05-13', '2020-05-14', 1),
(303, 3, '0642', 'JLR81T2', 1, 137, NULL, 2, '2020-07-02 16:29:09', NULL, NULL, 1),
(304, 2, '1148', '1F4NG72', 3, 138, NULL, 6, '2020-07-02 16:29:09', NULL, NULL, 1),
(305, 1, 'null', 'RS-133986', 1, 139, NULL, 5, '2020-07-02 16:29:09', NULL, NULL, 1),
(306, 1, 'null', 'RS-133997', 1, 140, NULL, 5, '2020-07-02 16:29:09', NULL, NULL, 1),
(307, 1, 'null', 'RS-134002', 1, 141, NULL, 5, '2020-07-02 16:29:09', NULL, NULL, 1),
(308, 1, 'null', 'RS-134004', 1, 142, NULL, 5, '2020-07-02 16:29:09', '2020-01-13', NULL, 1),
(309, 1, 'null', 'RS-134074', 1, 143, NULL, 5, '2020-07-02 16:29:09', '2020-01-13', NULL, 1),
(310, 1, 'null', 'RS-134081', 1, 144, NULL, 5, '2020-07-02 16:29:09', NULL, NULL, 1),
(311, 3, '1180', 'FQS4BG2', 3, 145, NULL, 16, '2020-07-02 16:29:09', NULL, NULL, 1),
(312, 1, 'null', 'RS-134088', 1, 146, NULL, 5, '2020-07-02 16:29:09', NULL, NULL, 1),
(313, 1, 'null', 'RS-135178', 1, 147, NULL, 5, '2020-07-02 16:29:09', NULL, NULL, 1),
(314, 1, 'null', 'RS-138382', 1, 148, NULL, 5, '2020-07-02 16:29:09', '2020-02-26', NULL, 1),
(315, 2, '1134', 'CB21773123', 3, 149, NULL, 17, '2020-07-02 16:29:09', NULL, NULL, 1),
(316, 3, '89', 'MJ04E4ZF', 2, 150, NULL, 3, '2020-07-02 16:29:10', NULL, NULL, 1),
(317, 3, 'null', '1XVQH03', 1, 151, NULL, 2, '2020-07-02 16:29:10', NULL, NULL, 1),
(318, 3, '646', 'JLP31T2', 1, 152, NULL, 2, '2020-07-02 16:29:10', '2019-03-01', NULL, 1),
(319, 2, '1098', 'S1002CY8', 1, 153, NULL, 10, '2020-07-02 16:29:10', '2014-05-24', '2019-05-23', 1),
(320, 3, 'null', '91XFGW2', 3, 154, NULL, 7, '2020-07-02 16:29:10', '2020-01-16', '2023-01-17', 1),
(321, 3, '391', 'S1H03DLF', 2, 155, NULL, 10, '2020-07-02 16:29:10', NULL, NULL, 1),
(322, 2, '1092', 'PB-028D9S ', 3, 156, NULL, 20, '2020-07-02 16:29:10', NULL, NULL, 1),
(323, 2, '0288', '3554H5SMJ1366G', 2, 157, NULL, 21, '2020-07-02 16:29:10', NULL, NULL, 1),
(324, 4, '0019', '1S3554H5SMJ05ML4', 2, 70, NULL, 21, '2020-07-02 16:29:10', NULL, NULL, 1),
(325, 2, '0367', 'MJ00ERQL', 2, 72, NULL, 14, '2020-07-02 16:29:10', NULL, NULL, 1),
(326, 4, '0253', 'MJ1366K', 2, 134, NULL, 21, '2020-07-02 16:29:10', NULL, NULL, 1),
(327, 4, '1023', 'S1HEK50', 2, 108, NULL, 9, '2020-07-02 16:29:10', NULL, NULL, 1),
(328, 3, '1136', '12KDG72', 3, 78, NULL, 6, '2020-07-02 16:29:10', NULL, NULL, 1),
(329, 1, 'null', 'RS-129258', 3, 144, NULL, 22, '2020-07-02 16:29:10', NULL, NULL, 1),
(330, 4, '0097', 'MJ05LV3', 2, 90, NULL, 21, '2020-07-02 16:29:10', NULL, NULL, 1),
(331, 4, '329', '1S3554H5SMJ05LV2', 1, 5, NULL, 21, '2020-07-02 16:29:10', NULL, NULL, 1),
(332, 1, 'null', 'RS-128790', 3, 68, NULL, NULL, '2020-07-02 16:29:10', NULL, NULL, 1),
(333, 1, 'null', 'RS-129067', 3, 73, NULL, 22, '2020-07-02 16:29:10', NULL, NULL, 1),
(334, 1, 'null', 'RS-128949', 3, 151, NULL, 22, '2020-07-02 16:29:10', NULL, NULL, 1),
(335, 3, 'null', 'CH1KPH2', 3, 25, NULL, 8, '2020-07-02 16:29:10', '2017-06-30', '2021-06-01', 1),
(336, 1, 'null', 'RS-129270', 3, 27, NULL, 22, '2020-07-02 16:29:10', NULL, NULL, 1),
(337, 1, 'null', 'RS-128915', 3, 28, NULL, 22, '2020-07-02 16:29:10', NULL, NULL, 1),
(338, 1, 'null', 'RS-128586', 3, 33, NULL, 22, '2020-07-02 16:29:10', NULL, NULL, 1),
(339, 3, 'null', '1X6VH03', 1, 58, NULL, 1, '2020-07-02 16:29:11', '2020-01-12', '2023-01-12', 1),
(340, 1, 'null', 'RS-129015', 3, 42, NULL, NULL, '2020-07-02 16:29:11', NULL, NULL, 1),
(341, 3, 'null', '42XFGW2', 3, 30, NULL, 7, '2020-07-02 16:29:11', '2020-01-16', '2023-01-17', 1),
(342, 1, 'null', 'RS-129129', 3, 43, NULL, 22, '2020-07-02 16:29:11', NULL, NULL, 1),
(343, 1, 'null', 'RS-129013', 3, 53, NULL, 22, '2020-07-02 16:29:11', NULL, NULL, 1),
(344, 1, 'null', 'RS-129252', 3, 54, NULL, 22, '2020-07-02 16:29:11', NULL, NULL, 1),
(345, 1, 'null', 'RS-129188', 3, 74, NULL, NULL, '2020-07-02 16:29:11', NULL, NULL, 1),
(346, 1, 'null', 'RS-128256', 3, 38, NULL, 22, '2020-07-02 16:29:11', NULL, NULL, 1),
(347, 1, 'null', 'RS-128947', 3, 55, NULL, 22, '2020-07-02 16:29:11', NULL, NULL, 1),
(348, 2, '41', 'MJ00ERQK', 3, 7, NULL, 14, '2020-07-02 16:29:11', '2014-03-23', '2019-03-22', 1),
(349, 3, '359', '1S10EYA01M00MJ04E4ZK', 2, 127, NULL, 3, '2020-07-02 16:29:11', NULL, NULL, 1),
(350, 2, 'null', '20EZ1QHK800D4F02', 5, 1, NULL, 7, '2020-07-02 16:45:03', NULL, NULL, 1),
(351, 2, 'null', '24UML3BH50B7E0EC', 5, 2, NULL, 7, '2020-07-02 16:45:03', NULL, NULL, 1),
(352, 2, 'null', '20EZ1QHJ10D086F6', 5, 3, NULL, 7, '2020-07-02 16:45:03', NULL, NULL, 1),
(353, 2, 'null', '24UML3BH70BB4EA0', 5, 4, NULL, 7, '2020-07-02 16:45:04', NULL, NULL, 1),
(354, 2, 'null', '20EZ1QHJ50D94743', 5, 5, NULL, 7, '2020-07-02 16:45:04', NULL, NULL, 1),
(355, 2, 'null', '20EZ1QHJ10D06DFD', 5, 6, NULL, 7, '2020-07-02 16:45:04', NULL, NULL, 1),
(356, 2, 'null', '20EZ1QHJ10D080AA', 5, 8, NULL, NULL, '2020-07-02 16:45:04', NULL, NULL, 1),
(357, 2, 'null', '20EZ1QHJ50D958E8', 5, 9, NULL, 7, '2020-07-02 16:45:04', NULL, NULL, 1),
(358, 2, 'null', '20EZ1QFH30AF29E2', 5, 10, NULL, 7, '2020-07-02 16:45:04', NULL, NULL, 1),
(359, 2, 'null', '0EZ1QHH70BC5C6E', 5, 11, NULL, 7, '2020-07-02 16:45:04', NULL, NULL, 1),
(360, 2, 'null', '20EZ0KYF10769277', 5, 12, NULL, 7, '2020-07-02 16:45:04', NULL, NULL, 1),
(361, 2, 'null', '20EYX4CC60406E93', 5, 13, NULL, 7, '2020-07-02 16:45:04', NULL, NULL, 1),
(362, 2, 'null', '20EZ0KYF1076926D', 5, 14, NULL, 7, '2020-07-02 16:45:04', NULL, NULL, 1),
(363, 2, 'null', '20EYX48B40312E64', 5, 15, NULL, 7, '2020-07-02 16:45:04', NULL, NULL, 1),
(364, 2, 'null', '20EYX4CDC05CFFDA', 5, 16, NULL, 7, '2020-07-02 16:45:04', NULL, NULL, 1),
(365, 2, 'null', '24UML3BH50B7DFBA', 5, 17, NULL, 7, '2020-07-02 16:45:04', NULL, NULL, 1),
(366, 2, 'null', '20EZ1QHK800D4EDF', 5, 18, NULL, 7, '2020-07-02 16:45:04', NULL, NULL, 1),
(367, 2, 'null', '20EZ0KYF10768FDA', 5, 19, NULL, 7, '2020-07-02 16:45:04', NULL, NULL, 1),
(368, 2, 'null', '24UML3BGC0A9EC9B', 5, 20, NULL, 7, '2020-07-02 16:45:04', NULL, NULL, 1),
(369, 2, 'null', '20EYX48B40312E58', 5, 21, NULL, 7, '2020-07-02 16:45:04', NULL, NULL, 1),
(370, 2, 'null', '20EYX48B40312F8F', 5, 22, NULL, 7, '2020-07-02 16:45:04', NULL, NULL, 1),
(371, 2, 'null', '20EYX4CDC05CFFE0', 5, 23, NULL, 7, '2020-07-02 16:45:04', NULL, NULL, 1),
(372, 2, 'null', '20EZ1QHJ10D086A7', 5, 24, NULL, 7, '2020-07-02 16:45:04', NULL, NULL, 1),
(373, 2, 'null', '0', 5, 25, NULL, NULL, '2020-07-02 16:45:04', NULL, NULL, 1),
(374, 2, 'null', '20EZ0KYF10769279', 5, 26, NULL, 7, '2020-07-02 16:45:04', NULL, NULL, 1),
(375, 2, 'null', '20EYX4CD404DAB7D', 5, 27, NULL, 7, '2020-07-02 16:45:04', NULL, NULL, 1),
(376, 2, 'null', '20EYX48B40312E65', 5, 28, NULL, 7, '2020-07-02 16:45:04', NULL, NULL, 1),
(377, 2, 'null', '20EZ1QHJ10D06782', 5, 29, NULL, 7, '2020-07-02 16:45:04', NULL, NULL, 1),
(378, 2, 'null', '20EYX48B40312E61', 5, 30, NULL, 7, '2020-07-02 16:45:04', NULL, NULL, 1),
(379, 2, 'null', '20EYX4GE806C5B5A', 5, 31, NULL, 7, '2020-07-02 16:45:05', NULL, NULL, 1),
(380, 2, 'null', '20EZ1QFH30AF1BF3', 5, 32, NULL, 7, '2020-07-02 16:45:05', NULL, NULL, 1),
(381, 2, 'null', '20EZ1QHJ90EA6834', 5, 33, NULL, 7, '2020-07-02 16:45:05', NULL, NULL, 1),
(382, 2, 'null', '20EYWLCB40308024', 5, 34, NULL, 7, '2020-07-02 16:45:05', NULL, NULL, 1),
(383, 2, 'null', '20EYX4CDC05CFFDE', 5, 35, NULL, 7, '2020-07-02 16:45:05', NULL, NULL, 1),
(384, 2, 'null', '1110543857', 5, 36, NULL, 7, '2020-07-02 16:45:05', NULL, NULL, 1),
(385, 2, 'null', '22MT6AUE806A9283', 5, 37, NULL, 7, '2020-07-02 16:45:05', NULL, NULL, 1),
(386, 2, 'null', '20EZ1QHK6002799A', 5, 38, NULL, 7, '2020-07-02 16:45:05', NULL, NULL, 1),
(387, 2, 'null', '20EYX48B40312E5D', 5, 39, NULL, 7, '2020-07-02 16:45:05', NULL, NULL, 1),
(388, 2, 'null', '24UML3BGC0A9ECA4', 5, 40, NULL, 7, '2020-07-02 16:45:05', NULL, NULL, 1),
(389, 2, 'null', '22MT9PGG709B5B26', 5, 41, NULL, 7, '2020-07-02 16:45:05', NULL, NULL, 1),
(390, 2, 'null', '22MT9SEG108B9C44', 5, 42, NULL, 7, '2020-07-02 16:45:05', NULL, NULL, 1),
(391, 2, 'null', '20EZ0KYF10767901', 5, 43, NULL, 7, '2020-07-02 16:45:05', NULL, NULL, 1),
(392, 2, 'null', '0004F2E761D9', 5, 44, NULL, 8, '2020-07-02 16:45:05', NULL, NULL, 1),
(393, 2, 'null', '22MT9PGG709B5B29', 5, 45, NULL, 7, '2020-07-02 16:45:05', NULL, NULL, 1),
(394, 2, 'null', '22MT6AUE806A87F7', 5, 46, NULL, 7, '2020-07-02 16:45:05', NULL, NULL, 1),
(395, 2, 'null', '20EYX48B40312F93', 5, 47, NULL, 7, '2020-07-02 16:45:05', NULL, NULL, 1),
(396, 2, 'null', '20EZ1QHJ60DE50C8', 5, 48, NULL, 7, '2020-07-02 16:45:05', NULL, NULL, 1),
(397, 2, 'null', '20EYX4GE806C5B5B', 5, 49, NULL, 7, '2020-07-02 16:45:05', NULL, NULL, 1),
(398, 2, 'null', '20EYX48B40312F8B', 5, 50, NULL, 7, '2020-07-02 16:45:05', NULL, NULL, 1),
(399, 2, 'null', '22MT9PGG709B5B21', 5, 51, NULL, 7, '2020-07-02 16:45:05', NULL, NULL, 1),
(400, 2, 'null', '20EZ1QFH30AF29E6', 5, 52, NULL, 7, '2020-07-02 16:45:05', NULL, NULL, 1),
(401, 2, 'null', '24UML3BH50B7E623', 5, 53, NULL, 7, '2020-07-02 16:45:06', NULL, NULL, 1),
(402, 2, 'null', '22MT9SEG108B9C43', 5, 54, NULL, 7, '2020-07-02 16:45:06', NULL, NULL, 1),
(403, 2, 'null', '22MT9SEFC0873B47', 5, 55, NULL, 7, '2020-07-02 16:45:06', NULL, NULL, 1),
(404, 2, 'null', '20EYX48B40312F8E', 5, 56, NULL, 7, '2020-07-02 16:45:06', NULL, NULL, 1),
(405, 2, 'null', '20EYX4CD404DAB73', 5, 57, NULL, 7, '2020-07-02 16:45:06', NULL, NULL, 1),
(406, 2, 'null', '20EZ0KYF607CA7CD', 5, 59, NULL, 7, '2020-07-02 16:45:06', NULL, NULL, 1),
(407, 2, 'null', '20EZ1QHH70BC65C8', 5, 60, NULL, 7, '2020-07-02 16:45:06', NULL, NULL, 1),
(408, 2, 'null', '20EYX48B40312E5F', 5, 61, NULL, 7, '2020-07-02 16:45:06', NULL, NULL, 1),
(409, 2, 'null', '20EZ0KYF107694B0', 5, 62, NULL, 7, '2020-07-02 16:45:06', NULL, NULL, 1),
(410, 2, 'null', '271FV9TH40B45EDD', 5, 63, NULL, 7, '2020-07-02 16:45:06', NULL, NULL, 1),
(411, 2, 'null', '0', 5, 64, NULL, NULL, '2020-07-02 16:45:06', NULL, NULL, 1),
(412, 2, 'null', '20EYX4CC90454331', 5, 65, NULL, 7, '2020-07-02 16:45:06', NULL, NULL, 1),
(413, 2, 'null', '0', 5, 66, NULL, NULL, '2020-07-02 16:45:06', NULL, NULL, 1),
(414, 2, 'null', '20EZ1QHK800D4EFF', 5, 67, NULL, 7, '2020-07-02 16:45:06', NULL, NULL, 1),
(415, 2, 'null', '20EZ1QHJ90EA6BBB', 5, 68, NULL, 7, '2020-07-02 16:45:06', NULL, NULL, 1),
(416, 2, 'null', '20EZ0KYF10769271', 5, 69, NULL, 7, '2020-07-02 16:45:06', NULL, NULL, 1),
(417, 2, 'null', '20EZ1QHJ50D958EF', 5, 70, NULL, 7, '2020-07-02 16:45:06', NULL, NULL, 1),
(418, 2, 'null', '0', 5, 71, NULL, NULL, '2020-07-02 16:45:06', NULL, NULL, 1),
(419, 2, 'null', '20EZ1QHK90110902', 5, 72, NULL, 7, '2020-07-02 16:45:06', NULL, NULL, 1),
(420, 2, 'null', '20EZ1QHK600279A1', 5, 73, NULL, 7, '2020-07-02 16:45:06', NULL, NULL, 1),
(421, 2, 'null', '20EZ1QHK6002799F', 5, 74, NULL, 7, '2020-07-02 16:45:06', NULL, NULL, 1),
(422, 2, 'null', '22MT9SEG4092A289', 5, 75, NULL, 7, '2020-07-02 16:45:06', NULL, NULL, 1),
(423, 2, 'null', '20EZ1QHJ60DE42B8', 5, 76, NULL, 7, '2020-07-02 16:45:06', NULL, NULL, 1),
(424, 2, 'null', '20EZ1QHJ40D7CF23', 5, 77, NULL, 7, '2020-07-02 16:45:06', NULL, NULL, 1),
(425, 2, 'null', '20EZ1QHJC0F4D0A0', 5, 78, NULL, 7, '2020-07-02 16:45:06', NULL, NULL, 1),
(426, 2, 'null', '24UML3BGB0A4FC1E', 5, 79, NULL, 7, '2020-07-02 16:45:07', NULL, NULL, 1),
(427, 2, 'null', '20EZ1QHJB0EF8BF1', 5, 80, NULL, 7, '2020-07-02 16:45:07', NULL, NULL, 1),
(428, 2, 'null', '24UML3BGC0A9EEB9', 5, 81, NULL, 7, '2020-07-02 16:45:07', NULL, NULL, 1),
(429, 2, 'null', '20EYX48B40312E63', 5, 82, NULL, 7, '2020-07-02 16:45:07', NULL, NULL, 1),
(430, 2, 'null', '20EYX48B40312E5E', 5, 83, NULL, 7, '2020-07-02 16:45:07', NULL, NULL, 1),
(431, 2, 'null', '20EZ1QHK10F7B316', 5, 84, NULL, 7, '2020-07-02 16:45:07', NULL, NULL, 1),
(432, 2, 'null', '8800217112500880', 5, 85, NULL, 9, '2020-07-02 16:45:07', NULL, NULL, 1),
(433, 2, 'null', '20EZ0KYF607CA7CE', 5, 86, NULL, 7, '2020-07-02 16:45:07', NULL, NULL, 1),
(434, 2, 'null', '20EZ1QHH70BC65C3', 5, 87, NULL, 7, '2020-07-02 16:45:07', NULL, NULL, 1),
(435, 2, 'null', '20EYX48B40312F90', 5, 88, NULL, 7, '2020-07-02 16:45:07', NULL, NULL, 1),
(436, 2, 'null', '20EYX48B40312E62', 5, 89, NULL, 7, '2020-07-02 16:45:07', NULL, NULL, 1),
(437, 2, 'null', '20EYX48B40312F95', 5, 90, NULL, 7, '2020-07-02 16:45:07', NULL, NULL, 1),
(438, 2, 'null', '20EYX4CD404DAB7A', 5, 91, NULL, 7, '2020-07-02 16:45:07', NULL, NULL, 1),
(439, 2, 'null', '24UML3BH70BB4E9E', 5, 92, NULL, 7, '2020-07-02 16:45:07', NULL, NULL, 1),
(440, 2, 'null', '20EZ1QHK50004F3B', 5, 93, NULL, 7, '2020-07-02 16:45:07', NULL, NULL, 1),
(441, 2, 'null', '0', 5, 94, NULL, NULL, '2020-07-02 16:45:07', NULL, NULL, 1),
(442, 2, 'null', '24UML3BGC0A9ECA5', 5, 95, NULL, 7, '2020-07-02 16:45:07', NULL, NULL, 1),
(443, 2, 'null', '20EZ1QHJ50D9474F', 5, 96, NULL, 7, '2020-07-02 16:45:07', NULL, NULL, 1),
(444, 2, 'null', '20EZ1QHK10F7B30F', 5, 97, NULL, 7, '2020-07-02 16:45:07', NULL, NULL, 1),
(445, 2, 'null', '20EZ1QHJ90EA680A', 5, 98, NULL, 7, '2020-07-02 16:45:07', NULL, NULL, 1),
(446, 2, 'null', '22MT6AUE806A9282', 5, 99, NULL, 7, '2020-07-02 16:45:07', NULL, NULL, 1),
(447, 2, 'null', '20EYX48B40312F92', 5, 100, NULL, 7, '2020-07-02 16:45:07', NULL, NULL, 1),
(448, 2, 'null', '20EZ1QHJ90EA6973', 5, 101, NULL, 7, '2020-07-02 16:45:07', NULL, NULL, 1),
(449, 2, 'null', '8800217112500880', 5, 102, NULL, 9, '2020-07-02 16:45:07', NULL, NULL, 1),
(450, 2, 'null', '20EYX4CD404DAB75', 5, 103, NULL, 7, '2020-07-02 16:45:07', NULL, NULL, 1),
(451, 2, 'null', '20EYX48B40312E5A', 5, 104, NULL, 7, '2020-07-02 16:45:07', NULL, NULL, 1),
(452, 2, 'null', '20EZ1QHJ10D0678C', 5, 105, NULL, 7, '2020-07-02 16:45:07', NULL, NULL, 1),
(453, 2, 'null', '20EZ1QHH70BC65C4', 5, 106, NULL, 7, '2020-07-02 16:45:07', NULL, NULL, 1),
(454, 2, 'null', '20EZ1QHJC0F4D385', 5, 107, NULL, 7, '2020-07-02 16:45:08', NULL, NULL, 1),
(455, 2, 'null', '20EX1QH30AF4627', 5, 108, NULL, 7, '2020-07-02 16:45:08', NULL, NULL, 1),
(456, 2, 'null', '20EYXQUB40312777', 5, 109, NULL, 7, '2020-07-02 16:45:08', NULL, NULL, 1),
(457, 2, 'null', '20EZ1QHJ10D086C0', 5, 110, NULL, 7, '2020-07-02 16:45:08', NULL, NULL, 1),
(458, 2, 'null', '22MT9SEG4092A28B', 5, 111, NULL, 7, '2020-07-02 16:45:08', NULL, NULL, 1),
(459, 2, 'null', '4127317020905510', 5, 112, NULL, 9, '2020-07-02 16:45:08', NULL, NULL, 1),
(460, 2, 'null', '20EZ1QHJ90EA6972', 5, 113, NULL, 7, '2020-07-02 16:45:08', NULL, NULL, 1),
(461, 2, 'null', '20EZ1QFH30AF4625', 5, 114, NULL, 7, '2020-07-02 16:45:08', NULL, NULL, 1),
(462, 2, 'null', '20EYX49B5031C68D', 5, 115, NULL, 7, '2020-07-02 16:45:08', NULL, NULL, 1),
(463, 2, 'null', '20EZ1QHH70BC5C63', 5, 116, NULL, 7, '2020-07-02 16:45:08', NULL, NULL, 1),
(464, 2, 'null', '%0GBQB009899', 5, 117, NULL, 9, '2020-07-02 16:45:08', NULL, NULL, 1),
(465, 2, 'null', '24UML3BH70BB4835', 5, 118, NULL, 7, '2020-07-02 16:45:08', NULL, NULL, 1),
(466, 2, 'null', '24UML3BGC0A9EEC2', 5, 119, NULL, 7, '2020-07-02 16:45:08', NULL, NULL, 1),
(467, 2, 'null', '22MT9PGG709B5B23', 5, 120, NULL, 7, '2020-07-02 16:45:08', NULL, NULL, 1),
(468, 2, 'null', '20EZ1QHJ50D95F59', 5, 121, NULL, 7, '2020-07-02 16:45:08', NULL, NULL, 1),
(469, 2, 'null', '24UML3BGC0A9EEC5', 5, 122, NULL, 7, '2020-07-02 16:45:08', NULL, NULL, 1),
(470, 2, 'null', '20EYX48B40312F8C', 5, 123, NULL, 7, '2020-07-02 16:45:08', NULL, NULL, 1),
(471, 2, 'null', '20EZ1QHJ60DE42B7', 5, 124, NULL, 7, '2020-07-02 16:45:08', NULL, NULL, 1),
(472, 2, 'null', '4127317020905520', 5, 125, NULL, 9, '2020-07-02 16:45:08', NULL, NULL, 1),
(473, 2, 'null', '20EZ1QHJ90EA6833', 5, 126, NULL, 7, '2020-07-02 16:45:08', NULL, NULL, 1),
(474, 2, 'null', '0', 5, 128, NULL, NULL, '2020-07-02 16:45:08', NULL, NULL, 1),
(475, 2, 'null', '0', 5, 129, NULL, NULL, '2020-07-02 16:45:08', NULL, NULL, 1),
(476, 2, 'null', '0', 5, 130, NULL, NULL, '2020-07-02 16:45:08', NULL, NULL, 1),
(477, 2, 'null', '0', 5, 131, NULL, NULL, '2020-07-02 16:45:08', NULL, NULL, 1),
(478, 2, 'null', '20EZ1QHJ60DE4319', 5, 132, NULL, 7, '2020-07-02 16:45:08', NULL, NULL, 1),
(479, 2, 'null', '0', 5, 133, NULL, NULL, '2020-07-02 16:45:09', NULL, NULL, 1),
(480, 2, 'null', '0', 5, 134, NULL, NULL, '2020-07-02 16:45:09', NULL, NULL, 1),
(481, 2, 'null', '0', 5, 135, NULL, NULL, '2020-07-02 16:45:09', NULL, NULL, 1),
(482, 2, 'null', '0', 5, 136, NULL, NULL, '2020-07-02 16:45:09', NULL, NULL, 1),
(483, 2, 'null', '0', 5, 137, NULL, NULL, '2020-07-02 16:45:09', NULL, NULL, 1),
(484, 2, 'null', '0', 5, 138, NULL, NULL, '2020-07-02 16:45:09', NULL, NULL, 1),
(485, 2, 'null', '0', 5, 139, NULL, NULL, '2020-07-02 16:45:09', NULL, NULL, 1),
(486, 2, 'null', '0', 5, 140, NULL, NULL, '2020-07-02 16:45:09', NULL, NULL, 1),
(487, 2, 'null', '0', 5, 141, NULL, NULL, '2020-07-02 16:45:09', NULL, NULL, 1),
(488, 2, 'null', '20EZ1QHK90110903', 5, 142, NULL, 7, '2020-07-02 16:45:09', NULL, NULL, 1),
(489, 2, 'null', '20EZ1QHK800D55A9', 5, 143, NULL, 7, '2020-07-02 16:45:09', NULL, NULL, 1),
(490, 2, 'null', '0', 5, 144, NULL, NULL, '2020-07-02 16:45:09', NULL, NULL, 1),
(491, 2, 'null', '0', 5, 145, NULL, NULL, '2020-07-02 16:45:09', NULL, NULL, 1),
(492, 2, 'null', '0', 5, 146, NULL, NULL, '2020-07-02 16:45:09', NULL, NULL, 1),
(493, 2, 'null', '0', 5, 147, NULL, NULL, '2020-07-02 16:45:09', NULL, NULL, 1),
(494, 2, 'null', '20EYX48B40312F8A', 5, 148, NULL, 7, '2020-07-02 16:45:09', NULL, NULL, 1),
(495, 2, 'null', '0', 5, 149, NULL, NULL, '2020-07-02 16:45:09', NULL, NULL, 1),
(496, 2, 'null', '0', 5, 150, NULL, NULL, '2020-07-02 16:45:09', NULL, NULL, 1),
(497, 2, 'null', '0', 5, 151, NULL, NULL, '2020-07-02 16:45:09', NULL, NULL, 1),
(498, 2, 'null', '20EZ1QHJB0EF8BF2', 5, 152, NULL, 7, '2020-07-02 16:45:09', NULL, NULL, 1),
(499, 2, 'null', '22MT9PGG709B5B27', 5, 153, NULL, 7, '2020-07-02 16:45:09', NULL, NULL, 1),
(500, 2, 'null', '0', 5, 154, NULL, NULL, '2020-07-02 16:45:09', NULL, NULL, 1),
(501, 2, 'null', '20EZ1QHK600279AB', 5, 155, NULL, 7, '2020-07-02 16:45:09', NULL, NULL, 1),
(502, 2, 'null', '0', 5, 156, NULL, NULL, '2020-07-02 16:45:10', NULL, NULL, 1),
(503, 2, 'null', '0', 5, 157, NULL, NULL, '2020-07-02 16:45:10', NULL, NULL, 1),
(504, 2, 'null', '0', 5, 70, NULL, NULL, '2020-07-02 16:45:10', NULL, NULL, 1),
(505, 2, 'null', '0', 5, 72, NULL, NULL, '2020-07-02 16:45:10', NULL, NULL, 1),
(506, 2, 'null', '0', 5, 134, NULL, NULL, '2020-07-02 16:45:10', NULL, NULL, 1),
(507, 2, 'null', '0', 5, 108, NULL, NULL, '2020-07-02 16:45:10', NULL, NULL, 1),
(508, 2, 'null', '0', 5, 78, NULL, NULL, '2020-07-02 16:45:10', NULL, NULL, 1),
(509, 2, 'null', '0', 5, 144, NULL, NULL, '2020-07-02 16:45:10', NULL, NULL, 1),
(510, 2, 'null', '0', 5, 90, NULL, NULL, '2020-07-02 16:45:10', NULL, NULL, 1),
(511, 2, 'null', '0', 5, 5, NULL, NULL, '2020-07-02 16:45:10', NULL, NULL, 1),
(512, 2, 'null', '0', 5, 68, NULL, NULL, '2020-07-02 16:45:10', NULL, NULL, 1),
(513, 2, 'null', '0', 5, 73, NULL, NULL, '2020-07-02 16:45:10', NULL, NULL, 1),
(514, 2, 'null', '0', 5, 151, NULL, NULL, '2020-07-02 16:45:10', NULL, NULL, 1),
(515, 2, 'null', '0', 5, 25, NULL, NULL, '2020-07-02 16:45:10', NULL, NULL, 1),
(516, 2, 'null', '0', 5, 27, NULL, NULL, '2020-07-02 16:45:10', NULL, NULL, 1),
(517, 2, 'null', '0', 5, 28, NULL, NULL, '2020-07-02 16:45:10', NULL, NULL, 1),
(518, 2, 'null', '0', 5, 33, NULL, NULL, '2020-07-02 16:45:11', NULL, NULL, 1),
(519, 2, 'null', '24UML3BGC0A9EC9A', 5, 58, NULL, 7, '2020-07-02 16:45:11', NULL, NULL, 1),
(520, 2, 'null', '0', 5, 42, NULL, NULL, '2020-07-02 16:45:11', NULL, NULL, 1),
(521, 2, 'null', '0', 5, 30, NULL, NULL, '2020-07-02 16:45:11', NULL, NULL, 1),
(522, 2, 'null', '0', 5, 43, NULL, NULL, '2020-07-02 16:45:11', NULL, NULL, 1),
(523, 2, 'null', '0', 5, 53, NULL, NULL, '2020-07-02 16:45:11', NULL, NULL, 1),
(524, 2, 'null', '0', 5, 54, NULL, NULL, '2020-07-02 16:45:11', NULL, NULL, 1),
(525, 2, 'null', '0', 5, 74, NULL, NULL, '2020-07-02 16:45:11', NULL, NULL, 1),
(526, 2, 'null', '0', 5, 38, NULL, NULL, '2020-07-02 16:45:11', NULL, NULL, 1),
(527, 2, 'null', '0', 5, 55, NULL, NULL, '2020-07-02 16:45:11', NULL, NULL, 1),
(528, 2, 'null', '20EYX48B40312E60', 5, 7, NULL, 7, '2020-07-02 16:45:11', NULL, NULL, 1),
(529, 2, 'null', '20EZ1QHJ10D06DFA', 5, 127, NULL, 7, '2020-07-02 16:45:11', NULL, NULL, 1),
(530, 3, '0', '0', 4, 1, NULL, NULL, '2020-07-02 16:46:46', '2020-01-12', '2023-01-12', 1),
(531, 3, '0', '0', 4, 2, NULL, NULL, '2020-07-02 16:46:46', '2019-03-01', '2020-02-21', 1),
(532, 3, '0', '0', 4, 3, NULL, NULL, '2020-07-02 16:46:46', '2019-03-01', '2020-02-21', 1),
(533, 3, '0', '0', 4, 4, NULL, NULL, '2020-07-02 16:46:46', '2016-09-07', '2019-10-21', 1),
(534, 3, '0', '0', 4, 5, NULL, NULL, '2020-07-02 16:46:46', '2019-03-01', '2020-02-21', 1),
(535, 3, '0', '0', 4, 6, NULL, NULL, '2020-07-02 16:46:46', '2017-05-13', '2020-05-14', 1),
(536, 1, '0', '0', 4, 8, NULL, NULL, '2020-07-02 16:46:46', '2020-02-26', NULL, 1),
(537, 3, '0', '0', 4, 9, NULL, NULL, '2020-07-02 16:46:46', '2019-03-01', '2020-02-21', 1),
(538, 3, '0', '0', 4, 10, NULL, NULL, '2020-07-02 16:46:46', '2020-01-12', '2023-01-12', 1),
(539, 3, '0', '0', 4, 11, NULL, NULL, '2020-07-02 16:46:46', '2020-01-12', '2023-01-12', 1),
(540, 3, '0', '0', 4, 13, NULL, NULL, '2020-07-02 16:46:47', '2020-01-16', '2023-01-17', 1),
(541, 3, '0', '0', 4, 14, NULL, NULL, '2020-07-02 16:46:47', '2017-06-30', '2021-06-01', 1),
(542, 2, '0', '0', 4, 15, NULL, NULL, '2020-07-02 16:46:47', '2013-08-30', '2016-09-08', 1),
(543, 2, '0', '0', 4, 16, NULL, NULL, '2020-07-02 16:46:47', NULL, NULL, 1),
(544, 3, '0', '0', 4, 17, NULL, NULL, '2020-07-02 16:46:47', '2019-03-01', '2020-02-21', 1);
INSERT INTO `dispositivos` (`id`, `id_origen`, `placa`, `serial`, `id_tipo_dispositivo`, `id_usuario`, `foto`, `id_referencia`, `fecha_creacion`, `fecha_adquisicion`, `fecha_fin`, `id_estado_dispositivo`) VALUES
(545, 3, '0', '0', 4, 18, NULL, NULL, '2020-07-02 16:46:47', '2020-01-12', '2023-01-12', 1),
(546, 2, '0', '0', 4, 19, NULL, NULL, '2020-07-02 16:46:47', '2014-07-26', '2019-07-25', 1),
(547, 3, '0', '0', 4, 21, NULL, NULL, '2020-07-02 16:46:47', '2020-01-12', '2023-01-12', 1),
(548, 3, '0', '0', 4, 22, NULL, NULL, '2020-07-02 16:46:47', '2020-01-12', '2023-01-12', 1),
(549, 3, '0', '0', 4, 23, NULL, NULL, '2020-07-02 16:46:47', '2016-09-07', '2019-10-21', 1),
(550, 3, '0', '0', 4, 24, NULL, NULL, '2020-07-02 16:46:47', '2017-06-30', '2021-06-01', 1),
(551, 2, '0', '0', 4, 25, NULL, NULL, '2020-07-02 16:46:47', NULL, NULL, 1),
(552, 3, '0', '0', 4, 26, NULL, NULL, '2020-07-02 16:46:47', '2017-05-13', '2020-05-14', 1),
(553, 2, '0', '0', 4, 27, NULL, NULL, '2020-07-02 16:46:47', '2014-12-06', '2019-12-05', 1),
(554, 3, '0', '0', 4, 28, NULL, NULL, '2020-07-02 16:46:47', '2020-01-12', '2023-01-12', 1),
(555, 3, '0', '0', 4, 29, NULL, NULL, '2020-07-02 16:46:47', '2020-01-16', '2023-01-17', 1),
(556, 2, '0', '0', 4, 30, NULL, NULL, '2020-07-02 16:46:47', '2014-08-12', '2017-09-25', 1),
(557, 2, '0', '0', 4, 31, NULL, NULL, '2020-07-02 16:46:47', '2012-09-26', '2015-11-09', 1),
(558, 2, '0', '0', 4, 32, NULL, NULL, '2020-07-02 16:46:47', '2015-03-20', '2020-03-19', 1),
(559, 3, '0', '0', 4, 33, NULL, NULL, '2020-07-02 16:46:47', '2019-03-01', '2020-02-21', 1),
(560, 3, '0', '0', 4, 34, NULL, NULL, '2020-07-02 16:46:47', '2020-01-12', '2023-01-12', 1),
(561, 3, '0', '0', 4, 35, NULL, NULL, '2020-07-02 16:46:47', '2019-03-01', '2020-02-21', 1),
(562, 3, '0', '0', 4, 36, NULL, NULL, '2020-07-02 16:46:47', '2019-03-01', '2020-02-21', 1),
(563, 3, '0', '0', 4, 37, NULL, NULL, '2020-07-02 16:46:47', '2019-03-01', '2020-02-21', 1),
(564, 3, '0', '0', 4, 38, NULL, NULL, '2020-07-02 16:46:47', '2020-01-12', '2023-01-12', 1),
(565, 3, '0', '0', 4, 39, NULL, NULL, '2020-07-02 16:46:47', '2017-05-13', '2020-05-14', 1),
(566, 3, '345', 'ZZMFH4ZJ200865Y', 4, 40, NULL, 5, '2020-07-02 16:46:47', '2019-03-01', '2020-02-21', 1),
(567, 3, '0', '0', 4, 41, NULL, NULL, '2020-07-02 16:46:47', '2016-09-07', '2019-10-21', 1),
(568, 2, '0', '0', 4, 42, NULL, NULL, '2020-07-02 16:46:48', '2015-09-20', '2018-11-03', 1),
(569, 2, '0', '0', 4, 43, NULL, NULL, '2020-07-02 16:46:48', '2015-07-04', '2020-07-03', 1),
(570, 2, '0', '0', 4, 44, NULL, NULL, '2020-07-02 16:46:48', '2013-09-20', '2014-09-20', 1),
(571, 3, '0', '0', 4, 45, NULL, NULL, '2020-07-02 16:46:48', '2017-06-30', '2021-06-01', 1),
(572, 2, '0', 'CN0V7JP5QDC009AI830I', 4, 46, NULL, 1, '2020-07-02 16:46:48', '2016-02-12', '2019-02-11', 1),
(573, 3, '0', '0', 4, 47, NULL, NULL, '2020-07-02 16:46:48', NULL, NULL, 1),
(574, 3, '0', '0', 4, 48, NULL, NULL, '2020-07-02 16:46:48', '2017-05-13', '2020-05-14', 1),
(575, 2, '0', 'CN0V7JP5QDC009AI83WI', 4, 49, NULL, 1, '2020-07-02 16:46:48', '2015-03-20', '2018-05-03', 1),
(576, 3, '0', '0', 4, 50, NULL, NULL, '2020-07-02 16:46:48', '2016-09-07', '2019-10-21', 1),
(577, 3, '0', '0', 4, 51, NULL, NULL, '2020-07-02 16:46:48', '2020-01-16', '2023-01-17', 1),
(578, 3, '0', '0', 4, 52, NULL, NULL, '2020-07-02 16:46:48', '2020-01-12', '2023-01-12', 1),
(579, 3, '0', '0', 4, 53, NULL, NULL, '2020-07-02 16:46:48', '2019-03-01', '2020-02-21', 1),
(580, 3, '0', '0', 4, 54, NULL, NULL, '2020-07-02 16:46:48', '2020-01-12', '2023-01-12', 1),
(581, 2, '0', '0', 4, 55, NULL, NULL, '2020-07-02 16:46:48', '2015-07-04', '2018-08-17', 1),
(582, 3, '0', '0', 4, 56, NULL, NULL, '2020-07-02 16:46:48', '2020-01-12', '2023-01-12', 1),
(583, 3, '0', '0', 4, 57, NULL, NULL, '2020-07-02 16:46:48', '2020-01-12', '2023-01-12', 1),
(584, 3, '0', '0', 4, 59, NULL, NULL, '2020-07-02 16:46:48', '2019-03-01', '2020-02-21', 1),
(585, 3, '442', '0', 4, 60, NULL, NULL, '2020-07-02 16:46:48', '2020-01-12', '2023-01-12', 1),
(586, 3, '1081', 'MY19H9LQ700523N', 4, 61, NULL, 5, '2020-07-02 16:46:48', '2020-01-12', '2023-01-12', 1),
(587, 1, '0', '0', 4, 63, NULL, NULL, '2020-07-02 16:46:48', '2013-08-30', '2016-09-08', 1),
(588, 1, '0', '0', 4, 64, NULL, NULL, '2020-07-02 16:46:48', NULL, NULL, 1),
(589, 3, '0', '0', 4, 65, NULL, NULL, '2020-07-02 16:46:48', '2020-01-12', '2023-01-12', 1),
(590, 1, '0', '0', 4, 66, NULL, NULL, '2020-07-02 16:46:48', NULL, NULL, 1),
(591, 3, '0', '0', 4, 67, NULL, NULL, '2020-07-02 16:46:49', '2019-03-01', '2020-02-21', 1),
(592, 3, '0', '0', 4, 68, NULL, NULL, '2020-07-02 16:46:49', '2019-03-01', '2020-02-21', 1),
(593, 3, '0', '0', 4, 69, NULL, NULL, '2020-07-02 16:46:49', '2017-06-30', '2021-06-01', 1),
(594, 3, '0', '0', 4, 70, NULL, NULL, '2020-07-02 16:46:49', '2019-03-01', '2020-02-21', 1),
(595, 1, '0', '0', 4, 71, NULL, NULL, '2020-07-02 16:46:49', NULL, NULL, 1),
(596, 3, '0', '0', 4, 72, NULL, NULL, '2020-07-02 16:46:49', '2020-01-12', '2023-01-12', 1),
(597, 3, '0', '0', 4, 73, NULL, NULL, '2020-07-02 16:46:49', NULL, NULL, 1),
(598, 2, '0', '0', 4, 74, NULL, NULL, '2020-07-02 16:46:49', '2016-03-28', '2019-05-11', 1),
(599, 2, '0', '0', 4, 75, NULL, NULL, '2020-07-02 16:46:49', '2017-06-30', '2021-06-01', 1),
(600, 3, '0', '0', 4, 76, NULL, NULL, '2020-07-02 16:46:49', '2017-06-30', '2021-06-01', 1),
(601, 3, '0', '0', 4, 77, NULL, NULL, '2020-07-02 16:46:49', '2016-09-07', '2019-10-21', 1),
(602, 3, '0', '0', 4, 78, NULL, NULL, '2020-07-02 16:46:49', NULL, NULL, 1),
(603, 3, '0', '0', 4, 79, NULL, NULL, '2020-07-02 16:46:49', '2020-01-12', '2023-01-12', 1),
(604, 3, '0', '0', 4, 80, NULL, NULL, '2020-07-02 16:46:50', '2020-01-16', '2023-01-17', 1),
(605, 2, '0', '0', 4, 81, NULL, NULL, '2020-07-02 16:46:50', '2014-07-26', '2019-05-23', 1),
(606, 3, '0', '0', 4, 82, NULL, NULL, '2020-07-02 16:46:50', '2013-08-30', '2016-09-08', 1),
(607, 3, '0', '0', 4, 83, NULL, NULL, '2020-07-02 16:46:50', '2020-01-16', '2023-01-17', 1),
(608, 3, '0', '0', 4, 84, NULL, NULL, '2020-07-02 16:46:50', NULL, NULL, 1),
(609, 2, '0', '0', 4, 85, NULL, NULL, '2020-07-02 16:46:50', '2014-10-10', '2015-10-10', 1),
(610, 3, '0', '0', 4, 86, NULL, NULL, '2020-07-02 16:46:50', '2020-01-12', '2023-01-12', 1),
(611, 3, '0', '0', 4, 87, NULL, NULL, '2020-07-02 16:46:50', NULL, NULL, 1),
(612, 3, '0', '0', 4, 88, NULL, NULL, '2020-07-02 16:46:50', '2017-05-13', '2020-05-14', 1),
(613, 3, '0', '0', 4, 89, NULL, NULL, '2020-07-02 16:46:50', '2017-05-13', '2020-05-14', 1),
(614, 3, '0', '0', 4, 90, NULL, NULL, '2020-07-02 16:46:51', '2019-03-01', '2020-02-21', 1),
(615, 3, '0', '0', 4, 91, NULL, NULL, '2020-07-02 16:46:51', '2020-01-12', '2023-01-12', 1),
(616, 2, '0', '0', 4, 92, NULL, NULL, '2020-07-02 16:46:51', '2015-03-20', '2020-03-19', 1),
(617, 1, '0', '0', 4, 93, NULL, NULL, '2020-07-02 16:46:51', '2020-01-12', '2023-01-12', 1),
(618, 1, '0', '0', 4, 94, NULL, NULL, '2020-07-02 16:46:51', NULL, NULL, 1),
(619, 3, '0', '0', 4, 95, NULL, NULL, '2020-07-02 16:46:51', '2019-03-01', '2020-02-21', 1),
(620, 3, '0', '0', 4, 96, NULL, NULL, '2020-07-02 16:46:51', '2020-01-12', '2023-01-12', 1),
(621, 3, '0', '0', 4, 97, NULL, NULL, '2020-07-02 16:46:51', '2019-03-01', '2020-02-21', 1),
(622, 2, '0', '0', 4, 98, NULL, NULL, '2020-07-02 16:46:51', '2015-03-20', '2020-03-19', 1),
(623, 3, '0', '0', 4, 99, NULL, NULL, '2020-07-02 16:46:51', NULL, NULL, 1),
(624, 2, '0', '0', 4, 100, NULL, NULL, '2020-07-02 16:46:51', '2014-03-23', '2019-03-22', 1),
(625, 3, '0', '0', 4, 101, NULL, NULL, '2020-07-02 16:46:51', '2019-03-01', '2020-02-21', 1),
(626, 3, '0', '0', 4, 103, NULL, NULL, '2020-07-02 16:46:51', '2020-01-16', '2023-01-17', 1),
(627, 3, '0', '0', 4, 104, NULL, NULL, '2020-07-02 16:46:51', '2017-05-13', '2020-05-14', 1),
(628, 3, '0', '0', 4, 105, NULL, NULL, '2020-07-02 16:46:52', '2020-01-12', '2023-01-12', 1),
(629, 3, '0', '0', 4, 106, NULL, NULL, '2020-07-02 16:46:52', '2019-03-01', '2020-02-21', 1),
(630, 3, '0', '0', 4, 107, NULL, NULL, '2020-07-02 16:46:52', '2020-01-16', '2023-01-17', 1),
(631, 3, '0', '0', 4, 108, NULL, NULL, '2020-07-02 16:46:52', NULL, NULL, 1),
(632, 3, '0248', '2580AB1', 4, 109, NULL, 2, '2020-07-02 16:46:52', '2017-06-30', '2021-06-01', 1),
(633, 3, '0', '0', 4, 110, NULL, NULL, '2020-07-02 16:46:52', '2019-03-01', '2020-02-21', 1),
(634, 3, '0', '0', 4, 111, NULL, NULL, '2020-07-02 16:46:53', '2020-01-12', '2023-01-12', 1),
(635, 3, '0', '0', 4, 112, NULL, NULL, '2020-07-02 16:46:53', '2020-01-12', '2023-01-12', 1),
(636, 3, '0', '0', 4, 113, NULL, NULL, '2020-07-02 16:46:53', '2020-01-12', '2023-01-12', 1),
(637, 3, '0', '0', 4, 114, NULL, NULL, '2020-07-02 16:46:53', '2016-09-07', '2019-10-21', 1),
(638, 2, '0', '0', 4, 116, NULL, NULL, '2020-07-02 16:46:53', '2014-03-23', '2019-03-22', 1),
(639, 3, '0', '0', 4, 117, NULL, NULL, '2020-07-02 16:46:53', NULL, NULL, 1),
(640, 3, '0', '0', 4, 118, NULL, NULL, '2020-07-02 16:46:53', '2020-01-16', '2023-01-17', 1),
(641, 2, '0', '0', 4, 119, NULL, NULL, '2020-07-02 16:46:54', '2014-05-24', '2019-05-23', 1),
(642, 3, '0', '0', 4, 120, NULL, NULL, '2020-07-02 16:46:54', '2017-05-13', '2020-05-14', 1),
(643, 2, '0', '0', 4, 121, NULL, NULL, '2020-07-02 16:46:54', '2015-09-20', '2018-11-03', 1),
(644, 3, '0', '0', 4, 122, NULL, NULL, '2020-07-02 16:46:54', '2020-01-16', '2023-01-17', 1),
(645, 3, '0', '0', 4, 123, NULL, NULL, '2020-07-02 16:46:54', '2017-05-13', '2020-05-14', 1),
(646, 3, '0', '0', 4, 124, NULL, NULL, '2020-07-02 16:46:54', '2020-01-12', '2023-01-12', 1),
(647, 3, '0', '0', 4, 125, NULL, NULL, '2020-07-02 16:46:54', '2020-01-12', '2023-01-12', 1),
(648, 2, '0', '0', 4, 126, NULL, NULL, '2020-07-02 16:46:54', NULL, NULL, 1),
(649, 1, '0', '0', 4, 128, NULL, NULL, '2020-07-02 16:46:54', NULL, NULL, 1),
(650, 3, '0', '0', 4, 129, NULL, NULL, '2020-07-02 16:46:54', NULL, NULL, 1),
(651, 1, '0', '0', 4, 130, NULL, NULL, '2020-07-02 16:46:54', NULL, NULL, 1),
(652, 1, '0', '0', 4, 131, NULL, NULL, '2020-07-02 16:46:54', NULL, NULL, 1),
(653, 1, '0', '0', 4, 132, NULL, NULL, '2020-07-02 16:46:54', '2019-11-29', NULL, 1),
(654, 3, '0', '0', 4, 133, NULL, NULL, '2020-07-02 16:46:54', NULL, NULL, 1),
(655, 3, '0', '0', 4, 134, NULL, NULL, '2020-07-02 16:46:54', NULL, NULL, 1),
(656, 2, '0', '0', 4, 135, NULL, NULL, '2020-07-02 16:46:54', NULL, NULL, 1),
(657, 3, '0', '0', 4, 136, NULL, NULL, '2020-07-02 16:46:54', '2017-05-13', '2020-05-14', 1),
(658, 3, '0', '0', 4, 137, NULL, NULL, '2020-07-02 16:46:55', NULL, NULL, 1),
(659, 2, '0', '0', 4, 138, NULL, NULL, '2020-07-02 16:46:55', NULL, NULL, 1),
(660, 1, '0', '0', 4, 139, NULL, NULL, '2020-07-02 16:46:55', NULL, NULL, 1),
(661, 1, '0', '0', 4, 140, NULL, NULL, '2020-07-02 16:46:55', NULL, NULL, 1),
(662, 1, '0', '0', 4, 141, NULL, NULL, '2020-07-02 16:46:55', NULL, NULL, 1),
(663, 1, '0', 'ZZMFH4ZJ200890Z', 4, 142, NULL, 5, '2020-07-02 16:46:55', '2020-01-13', NULL, 1),
(664, 1, '0', 'RS-133001', 4, 143, NULL, NULL, '2020-07-02 16:46:55', '2020-01-13', NULL, 1),
(665, 1, '0', '0', 4, 144, NULL, NULL, '2020-07-02 16:46:55', NULL, NULL, 1),
(666, 3, '0', '0', 4, 145, NULL, NULL, '2020-07-02 16:46:55', NULL, NULL, 1),
(667, 1, '0', '0', 4, 146, NULL, NULL, '2020-07-02 16:46:55', NULL, NULL, 1),
(668, 1, '0', '0', 4, 147, NULL, NULL, '2020-07-02 16:46:55', NULL, NULL, 1),
(669, 1, '0', '0', 4, 148, NULL, NULL, '2020-07-02 16:46:55', '2020-02-26', NULL, 1),
(670, 2, '0', '0', 4, 149, NULL, NULL, '2020-07-02 16:46:55', NULL, NULL, 1),
(671, 3, '0', '0', 4, 150, NULL, NULL, '2020-07-02 16:46:55', NULL, NULL, 1),
(672, 3, '0', 'ZN0JF44YFCC009A8AUCB', 4, 151, NULL, 1, '2020-07-02 16:46:55', NULL, NULL, 1),
(673, 3, '0', '0', 4, 152, NULL, NULL, '2020-07-02 16:46:55', '2019-03-01', NULL, 1),
(674, 2, '0', '0', 4, 153, NULL, NULL, '2020-07-02 16:46:55', '2014-05-24', '2019-05-23', 1),
(675, 3, '0', '0', 4, 154, NULL, NULL, '2020-07-02 16:46:55', '2020-01-16', '2023-01-17', 1),
(676, 3, '0', '0', 4, 155, NULL, NULL, '2020-07-02 16:46:55', NULL, NULL, 1),
(677, 2, '0', '0', 4, 156, NULL, NULL, '2020-07-02 16:46:55', NULL, NULL, 1),
(678, 2, '0', '0', 4, 157, NULL, NULL, '2020-07-02 16:46:56', NULL, NULL, 1),
(679, 4, '0', '0', 4, 70, NULL, NULL, '2020-07-02 16:46:56', NULL, NULL, 1),
(680, 2, '0', '0', 4, 72, NULL, NULL, '2020-07-02 16:46:56', NULL, NULL, 1),
(681, 4, '0', '0', 4, 134, NULL, NULL, '2020-07-02 16:46:56', NULL, NULL, 1),
(682, 4, '0', '0', 4, 108, NULL, NULL, '2020-07-02 16:46:56', NULL, NULL, 1),
(683, 3, '0', '0', 4, 78, NULL, NULL, '2020-07-02 16:46:56', NULL, NULL, 1),
(684, 1, '0', '0', 4, 144, NULL, NULL, '2020-07-02 16:46:56', NULL, NULL, 1),
(685, 4, '0', '0', 4, 90, NULL, NULL, '2020-07-02 16:46:56', NULL, NULL, 1),
(686, 4, '0', '0', 4, 5, NULL, NULL, '2020-07-02 16:46:56', NULL, NULL, 1),
(687, 1, '0', '0', 4, 68, NULL, NULL, '2020-07-02 16:46:56', NULL, NULL, 1),
(688, 1, '0', '0', 4, 73, NULL, NULL, '2020-07-02 16:46:56', NULL, NULL, 1),
(689, 1, '0', '0', 4, 151, NULL, NULL, '2020-07-02 16:46:56', NULL, NULL, 1),
(690, 3, '0', '0', 4, 25, NULL, NULL, '2020-07-02 16:46:56', '2017-06-30', '2021-06-01', 1),
(691, 1, '0', '0', 4, 27, NULL, NULL, '2020-07-02 16:46:56', NULL, NULL, 1),
(692, 1, '0', '0', 4, 28, NULL, NULL, '2020-07-02 16:46:56', NULL, NULL, 1),
(693, 1, '0', '0', 4, 33, NULL, NULL, '2020-07-02 16:46:56', NULL, NULL, 1),
(694, 3, '0', '0', 4, 58, NULL, NULL, '2020-07-02 16:46:56', '2020-01-12', '2023-01-12', 1),
(695, 1, '0', '0', 4, 42, NULL, NULL, '2020-07-02 16:46:56', NULL, NULL, 1),
(696, 3, '0', '0', 4, 30, NULL, NULL, '2020-07-02 16:46:56', '2020-01-16', '2023-01-17', 1),
(697, 1, '0', '0', 4, 43, NULL, NULL, '2020-07-02 16:46:56', NULL, NULL, 1),
(698, 1, '0', '0', 4, 53, NULL, NULL, '2020-07-02 16:46:56', NULL, NULL, 1),
(699, 1, '0', '0', 4, 54, NULL, NULL, '2020-07-02 16:46:56', NULL, NULL, 1),
(700, 1, '0', '0', 4, 74, NULL, NULL, '2020-07-02 16:46:57', NULL, NULL, 1),
(701, 1, '0', '0', 4, 38, NULL, NULL, '2020-07-02 16:46:57', NULL, NULL, 1),
(702, 1, '0', '0', 4, 55, NULL, NULL, '2020-07-02 16:46:57', NULL, NULL, 1),
(703, 2, '0', '0', 4, 7, NULL, NULL, '2020-07-02 16:46:57', '2014-03-23', '2019-03-22', 1),
(704, 3, '0', '0', 4, 127, NULL, NULL, '2020-07-02 16:46:57', NULL, NULL, 1),
(705, 3, '0', '0', 4, 1, NULL, NULL, '2020-07-02 16:59:37', '2020-01-12', '2023-01-12', 1),
(706, 3, '0', '0', 4, 2, NULL, NULL, '2020-07-02 16:59:38', '2019-03-01', '2020-02-21', 1),
(707, 3, '0', '0', 4, 3, NULL, NULL, '2020-07-02 16:59:38', '2019-03-01', '2020-02-21', 1),
(708, 3, '0', '0', 4, 4, NULL, NULL, '2020-07-02 16:59:38', '2016-09-07', '2019-10-21', 1),
(709, 3, '0', '0', 4, 5, NULL, NULL, '2020-07-02 16:59:38', '2019-03-01', '2020-02-21', 1),
(710, 3, '0', '0', 4, 6, NULL, NULL, '2020-07-02 16:59:38', '2017-05-13', '2020-05-14', 1),
(711, 1, '0', '0', 4, 8, NULL, NULL, '2020-07-02 16:59:38', '2020-02-26', NULL, 1),
(712, 3, '0', '0', 4, 9, NULL, NULL, '2020-07-02 16:59:38', '2019-03-01', '2020-02-21', 1),
(713, 3, '0', '0', 4, 10, NULL, NULL, '2020-07-02 16:59:38', '2020-01-12', '2023-01-12', 1),
(714, 3, '0', '0', 4, 11, NULL, NULL, '2020-07-02 16:59:38', '2020-01-12', '2023-01-12', 1),
(715, 3, '0', '0', 4, 13, NULL, NULL, '2020-07-02 16:59:38', '2020-01-16', '2023-01-17', 1),
(716, 3, '0', '0', 4, 14, NULL, NULL, '2020-07-02 16:59:38', '2017-06-30', '2021-06-01', 1),
(717, 2, '0', '0', 4, 15, NULL, NULL, '2020-07-02 16:59:38', '2013-08-30', '2016-09-08', 1),
(718, 2, '0', '0', 4, 16, NULL, NULL, '2020-07-02 16:59:38', NULL, NULL, 1),
(719, 3, '0', '0', 4, 17, NULL, NULL, '2020-07-02 16:59:38', '2019-03-01', '2020-02-21', 1),
(720, 3, '0', '0', 4, 18, NULL, NULL, '2020-07-02 16:59:38', '2020-01-12', '2023-01-12', 1),
(721, 2, '0', '0', 4, 19, NULL, NULL, '2020-07-02 16:59:38', '2014-07-26', '2019-07-25', 1),
(722, 3, '0', '0', 4, 21, NULL, NULL, '2020-07-02 16:59:38', '2020-01-12', '2023-01-12', 1),
(723, 3, '0', '0', 4, 22, NULL, NULL, '2020-07-02 16:59:38', '2020-01-12', '2023-01-12', 1),
(724, 3, '0', '0', 4, 23, NULL, NULL, '2020-07-02 16:59:38', '2016-09-07', '2019-10-21', 1),
(725, 3, '0', '0', 4, 24, NULL, NULL, '2020-07-02 16:59:38', '2017-06-30', '2021-06-01', 1),
(726, 2, '0', '0', 4, 25, NULL, NULL, '2020-07-02 16:59:39', NULL, NULL, 1),
(727, 3, '0', '0', 4, 26, NULL, NULL, '2020-07-02 16:59:39', '2017-05-13', '2020-05-14', 1),
(728, 2, '0', '0', 4, 27, NULL, NULL, '2020-07-02 16:59:39', '2014-12-06', '2019-12-05', 1),
(729, 3, '0', '0', 4, 28, NULL, NULL, '2020-07-02 16:59:39', '2020-01-12', '2023-01-12', 1),
(730, 3, '0', '0', 4, 29, NULL, NULL, '2020-07-02 16:59:39', '2020-01-16', '2023-01-17', 1),
(731, 2, '0', '0', 4, 30, NULL, NULL, '2020-07-02 16:59:39', '2014-08-12', '2017-09-25', 1),
(732, 2, '0', '0', 4, 31, NULL, NULL, '2020-07-02 16:59:39', '2012-09-26', '2015-11-09', 1),
(733, 2, '0', '0', 4, 32, NULL, NULL, '2020-07-02 16:59:39', '2015-03-20', '2020-03-19', 1),
(734, 3, '0', '0', 4, 33, NULL, NULL, '2020-07-02 16:59:39', '2019-03-01', '2020-02-21', 1),
(735, 3, '0', '0', 4, 34, NULL, NULL, '2020-07-02 16:59:39', '2020-01-12', '2023-01-12', 1),
(736, 3, '0', '0', 4, 35, NULL, NULL, '2020-07-02 16:59:39', '2019-03-01', '2020-02-21', 1),
(737, 3, '0', '0', 4, 36, NULL, NULL, '2020-07-02 16:59:39', '2019-03-01', '2020-02-21', 1),
(738, 3, '0', '0', 4, 37, NULL, NULL, '2020-07-02 16:59:39', '2019-03-01', '2020-02-21', 1),
(739, 3, '0', '0', 4, 38, NULL, NULL, '2020-07-02 16:59:39', '2020-01-12', '2023-01-12', 1),
(740, 3, '0', '0', 4, 39, NULL, NULL, '2020-07-02 16:59:39', '2017-05-13', '2020-05-14', 1),
(741, 3, '345', 'ZZMFH4ZJ200865Y', 4, 40, NULL, 5, '2020-07-02 16:59:39', '2019-03-01', '2020-02-21', 1),
(742, 3, '0', '0', 4, 41, NULL, NULL, '2020-07-02 16:59:39', '2016-09-07', '2019-10-21', 1),
(743, 2, '0', '0', 4, 42, NULL, NULL, '2020-07-02 16:59:39', '2015-09-20', '2018-11-03', 1),
(744, 2, '0', '0', 4, 43, NULL, NULL, '2020-07-02 16:59:39', '2015-07-04', '2020-07-03', 1),
(745, 2, '0', '0', 4, 44, NULL, NULL, '2020-07-02 16:59:39', '2013-09-20', '2014-09-20', 1),
(746, 3, '0', '0', 4, 45, NULL, NULL, '2020-07-02 16:59:39', '2017-06-30', '2021-06-01', 1),
(747, 2, '0', 'CN0V7JP5QDC009AI830I', 4, 46, NULL, 1, '2020-07-02 16:59:39', '2016-02-12', '2019-02-11', 1),
(748, 3, '0', '0', 4, 47, NULL, NULL, '2020-07-02 16:59:39', NULL, NULL, 1),
(749, 3, '0', '0', 4, 48, NULL, NULL, '2020-07-02 16:59:40', '2017-05-13', '2020-05-14', 1),
(750, 2, '0', 'CN0V7JP5QDC009AI83WI', 4, 49, NULL, 1, '2020-07-02 16:59:40', '2015-03-20', '2018-05-03', 1),
(751, 3, '0', '0', 4, 50, NULL, NULL, '2020-07-02 16:59:40', '2016-09-07', '2019-10-21', 1),
(752, 3, '0', '0', 4, 51, NULL, NULL, '2020-07-02 16:59:40', '2020-01-16', '2023-01-17', 1),
(753, 3, '0', '0', 4, 52, NULL, NULL, '2020-07-02 16:59:40', '2020-01-12', '2023-01-12', 1),
(754, 3, '0', '0', 4, 53, NULL, NULL, '2020-07-02 16:59:40', '2019-03-01', '2020-02-21', 1),
(755, 3, '0', '0', 4, 54, NULL, NULL, '2020-07-02 16:59:40', '2020-01-12', '2023-01-12', 1),
(756, 2, '0', '0', 4, 55, NULL, NULL, '2020-07-02 16:59:40', '2015-07-04', '2018-08-17', 1),
(757, 3, '0', '0', 4, 56, NULL, NULL, '2020-07-02 16:59:40', '2020-01-12', '2023-01-12', 1),
(758, 3, '0', '0', 4, 57, NULL, NULL, '2020-07-02 16:59:40', '2020-01-12', '2023-01-12', 1),
(759, 3, '0', '0', 4, 59, NULL, NULL, '2020-07-02 16:59:40', '2019-03-01', '2020-02-21', 1),
(760, 3, '442', '0', 4, 60, NULL, NULL, '2020-07-02 16:59:40', '2020-01-12', '2023-01-12', 1),
(761, 3, '1081', 'MY19H9LQ700523N', 4, 61, NULL, 5, '2020-07-02 16:59:40', '2020-01-12', '2023-01-12', 1),
(762, 1, '0', '0', 4, 63, NULL, NULL, '2020-07-02 16:59:40', '2013-08-30', '2016-09-08', 1),
(763, 1, '0', '0', 4, 64, NULL, NULL, '2020-07-02 16:59:40', NULL, NULL, 1),
(764, 3, '0', '0', 4, 65, NULL, NULL, '2020-07-02 16:59:40', '2020-01-12', '2023-01-12', 1),
(765, 1, '0', '0', 4, 66, NULL, NULL, '2020-07-02 16:59:40', NULL, NULL, 1),
(766, 3, '0', '0', 4, 67, NULL, NULL, '2020-07-02 16:59:40', '2019-03-01', '2020-02-21', 1),
(767, 3, '0', '0', 4, 68, NULL, NULL, '2020-07-02 16:59:40', '2019-03-01', '2020-02-21', 1),
(768, 3, '0', '0', 4, 69, NULL, NULL, '2020-07-02 16:59:40', '2017-06-30', '2021-06-01', 1),
(769, 3, '0', '0', 4, 70, NULL, NULL, '2020-07-02 16:59:40', '2019-03-01', '2020-02-21', 1),
(770, 1, '0', '0', 4, 71, NULL, NULL, '2020-07-02 16:59:40', NULL, NULL, 1),
(771, 3, '0', '0', 4, 72, NULL, NULL, '2020-07-02 16:59:40', '2020-01-12', '2023-01-12', 1),
(772, 3, '0', '0', 4, 73, NULL, NULL, '2020-07-02 16:59:40', NULL, NULL, 1),
(773, 2, '0', '0', 4, 74, NULL, NULL, '2020-07-02 16:59:40', '2016-03-28', '2019-05-11', 1),
(774, 2, '0', '0', 4, 75, NULL, NULL, '2020-07-02 16:59:40', '2017-06-30', '2021-06-01', 1),
(775, 3, '0', '0', 4, 76, NULL, NULL, '2020-07-02 16:59:41', '2017-06-30', '2021-06-01', 1),
(776, 3, '0', '0', 4, 77, NULL, NULL, '2020-07-02 16:59:41', '2016-09-07', '2019-10-21', 1),
(777, 3, '0', '0', 4, 78, NULL, NULL, '2020-07-02 16:59:41', NULL, NULL, 1),
(778, 3, '0', '0', 4, 79, NULL, NULL, '2020-07-02 16:59:41', '2020-01-12', '2023-01-12', 1),
(779, 3, '0', '0', 4, 80, NULL, NULL, '2020-07-02 16:59:41', '2020-01-16', '2023-01-17', 1),
(780, 2, '0', '0', 4, 81, NULL, NULL, '2020-07-02 16:59:41', '2014-07-26', '2019-05-23', 1),
(781, 3, '0', '0', 4, 82, NULL, NULL, '2020-07-02 16:59:41', '2013-08-30', '2016-09-08', 1),
(782, 3, '0', '0', 4, 83, NULL, NULL, '2020-07-02 16:59:41', '2020-01-16', '2023-01-17', 1),
(783, 3, '0', '0', 4, 84, NULL, NULL, '2020-07-02 16:59:41', NULL, NULL, 1),
(784, 2, '0', '0', 4, 85, NULL, NULL, '2020-07-02 16:59:41', '2014-10-10', '2015-10-10', 1),
(785, 3, '0', '0', 4, 86, NULL, NULL, '2020-07-02 16:59:41', '2020-01-12', '2023-01-12', 1),
(786, 3, '0', '0', 4, 87, NULL, NULL, '2020-07-02 16:59:41', NULL, NULL, 1),
(787, 3, '0', '0', 4, 88, NULL, NULL, '2020-07-02 16:59:41', '2017-05-13', '2020-05-14', 1),
(788, 3, '0', '0', 4, 89, NULL, NULL, '2020-07-02 16:59:41', '2017-05-13', '2020-05-14', 1),
(789, 3, '0', '0', 4, 90, NULL, NULL, '2020-07-02 16:59:41', '2019-03-01', '2020-02-21', 1),
(790, 3, '0', '0', 4, 91, NULL, NULL, '2020-07-02 16:59:41', '2020-01-12', '2023-01-12', 1),
(791, 2, '0', '0', 4, 92, NULL, NULL, '2020-07-02 16:59:41', '2015-03-20', '2020-03-19', 1),
(792, 1, '0', '0', 4, 93, NULL, NULL, '2020-07-02 16:59:41', '2020-01-12', '2023-01-12', 1),
(793, 1, '0', '0', 4, 94, NULL, NULL, '2020-07-02 16:59:41', NULL, NULL, 1),
(794, 3, '0', '0', 4, 95, NULL, NULL, '2020-07-02 16:59:41', '2019-03-01', '2020-02-21', 1),
(795, 3, '0', '0', 4, 96, NULL, NULL, '2020-07-02 16:59:41', '2020-01-12', '2023-01-12', 1),
(796, 3, '0', '0', 4, 97, NULL, NULL, '2020-07-02 16:59:41', '2019-03-01', '2020-02-21', 1),
(797, 2, '0', '0', 4, 98, NULL, NULL, '2020-07-02 16:59:41', '2015-03-20', '2020-03-19', 1),
(798, 3, '0', '0', 4, 99, NULL, NULL, '2020-07-02 16:59:42', NULL, NULL, 1),
(799, 2, '0', '0', 4, 100, NULL, NULL, '2020-07-02 16:59:42', '2014-03-23', '2019-03-22', 1),
(800, 3, '0', '0', 4, 101, NULL, NULL, '2020-07-02 16:59:42', '2019-03-01', '2020-02-21', 1),
(801, 3, '0', '0', 4, 103, NULL, NULL, '2020-07-02 16:59:42', '2020-01-16', '2023-01-17', 1),
(802, 3, '0', '0', 4, 104, NULL, NULL, '2020-07-02 16:59:42', '2017-05-13', '2020-05-14', 1),
(803, 3, '0', '0', 4, 105, NULL, NULL, '2020-07-02 16:59:42', '2020-01-12', '2023-01-12', 1),
(804, 3, '0', '0', 4, 106, NULL, NULL, '2020-07-02 16:59:42', '2019-03-01', '2020-02-21', 1),
(805, 3, '0', '0', 4, 107, NULL, NULL, '2020-07-02 16:59:42', '2020-01-16', '2023-01-17', 1),
(806, 3, '0', '0', 4, 108, NULL, NULL, '2020-07-02 16:59:42', NULL, NULL, 1),
(807, 3, '0248', '2580AB1', 4, 109, NULL, 2, '2020-07-02 16:59:42', '2017-06-30', '2021-06-01', 1),
(808, 3, '0', '0', 4, 110, NULL, NULL, '2020-07-02 16:59:42', '2019-03-01', '2020-02-21', 1),
(809, 3, '0', '0', 4, 111, NULL, NULL, '2020-07-02 16:59:42', '2020-01-12', '2023-01-12', 1),
(810, 3, '0', '0', 4, 112, NULL, NULL, '2020-07-02 16:59:42', '2020-01-12', '2023-01-12', 1),
(811, 3, '0', '0', 4, 113, NULL, NULL, '2020-07-02 16:59:42', '2020-01-12', '2023-01-12', 1),
(812, 3, '0', '0', 4, 114, NULL, NULL, '2020-07-02 16:59:42', '2016-09-07', '2019-10-21', 1),
(813, 2, '0', '0', 4, 116, NULL, NULL, '2020-07-02 16:59:42', '2014-03-23', '2019-03-22', 1),
(814, 3, '0', '0', 4, 117, NULL, NULL, '2020-07-02 16:59:42', NULL, NULL, 1),
(815, 3, '0', '0', 4, 118, NULL, NULL, '2020-07-02 16:59:42', '2020-01-16', '2023-01-17', 1),
(816, 2, '0', '0', 4, 119, NULL, NULL, '2020-07-02 16:59:42', '2014-05-24', '2019-05-23', 1),
(817, 3, '0', '0', 4, 120, NULL, NULL, '2020-07-02 16:59:42', '2017-05-13', '2020-05-14', 1),
(818, 2, '0', '0', 4, 121, NULL, NULL, '2020-07-02 16:59:42', '2015-09-20', '2018-11-03', 1),
(819, 3, '0', '0', 4, 122, NULL, NULL, '2020-07-02 16:59:42', '2020-01-16', '2023-01-17', 1),
(820, 3, '0', '0', 4, 123, NULL, NULL, '2020-07-02 16:59:42', '2017-05-13', '2020-05-14', 1),
(821, 3, '0', '0', 4, 124, NULL, NULL, '2020-07-02 16:59:42', '2020-01-12', '2023-01-12', 1),
(822, 3, '0', '0', 4, 125, NULL, NULL, '2020-07-02 16:59:42', '2020-01-12', '2023-01-12', 1),
(823, 2, '0', '0', 4, 126, NULL, NULL, '2020-07-02 16:59:42', NULL, NULL, 1),
(824, 1, '0', '0', 4, 128, NULL, NULL, '2020-07-02 16:59:43', NULL, NULL, 1),
(825, 3, '0', '0', 4, 129, NULL, NULL, '2020-07-02 16:59:43', NULL, NULL, 1),
(826, 1, '0', '0', 4, 130, NULL, NULL, '2020-07-02 16:59:43', NULL, NULL, 1),
(827, 1, '0', '0', 4, 131, NULL, NULL, '2020-07-02 16:59:43', NULL, NULL, 1),
(828, 1, '0', '0', 4, 132, NULL, NULL, '2020-07-02 16:59:43', '2019-11-29', NULL, 1),
(829, 3, '0', '0', 4, 133, NULL, NULL, '2020-07-02 16:59:43', NULL, NULL, 1),
(830, 3, '0', '0', 4, 134, NULL, NULL, '2020-07-02 16:59:43', NULL, NULL, 1),
(831, 2, '0', '0', 4, 135, NULL, NULL, '2020-07-02 16:59:43', NULL, NULL, 1),
(832, 3, '0', '0', 4, 136, NULL, NULL, '2020-07-02 16:59:43', '2017-05-13', '2020-05-14', 1),
(833, 3, '0', '0', 4, 137, NULL, NULL, '2020-07-02 16:59:43', NULL, NULL, 1),
(834, 2, '0', '0', 4, 138, NULL, NULL, '2020-07-02 16:59:43', NULL, NULL, 1),
(835, 1, '0', '0', 4, 139, NULL, NULL, '2020-07-02 16:59:43', NULL, NULL, 1),
(836, 1, '0', '0', 4, 140, NULL, NULL, '2020-07-02 16:59:43', NULL, NULL, 1),
(837, 1, '0', '0', 4, 141, NULL, NULL, '2020-07-02 16:59:43', NULL, NULL, 1),
(838, 1, '0', 'ZZMFH4ZJ200890Z', 4, 142, NULL, 5, '2020-07-02 16:59:43', '2020-01-13', NULL, 1),
(839, 1, '0', 'RS-133001', 4, 143, NULL, NULL, '2020-07-02 16:59:43', '2020-01-13', NULL, 1),
(840, 1, '0', '0', 4, 144, NULL, NULL, '2020-07-02 16:59:43', NULL, NULL, 1),
(841, 3, '0', '0', 4, 145, NULL, NULL, '2020-07-02 16:59:43', NULL, NULL, 1),
(842, 1, '0', '0', 4, 146, NULL, NULL, '2020-07-02 16:59:43', NULL, NULL, 1),
(843, 1, '0', '0', 4, 147, NULL, NULL, '2020-07-02 16:59:43', NULL, NULL, 1),
(844, 1, '0', '0', 4, 148, NULL, NULL, '2020-07-02 16:59:43', '2020-02-26', NULL, 1),
(845, 2, '0', '0', 4, 149, NULL, NULL, '2020-07-02 16:59:43', NULL, NULL, 1),
(846, 3, '0', '0', 4, 150, NULL, NULL, '2020-07-02 16:59:43', NULL, NULL, 1),
(847, 3, '0', 'ZN0JF44YFCC009A8AUCB', 4, 151, NULL, 1, '2020-07-02 16:59:44', NULL, NULL, 1),
(848, 3, '0', '0', 4, 152, NULL, NULL, '2020-07-02 16:59:44', '2019-03-01', NULL, 1),
(849, 2, '0', '0', 4, 153, NULL, NULL, '2020-07-02 16:59:44', '2014-05-24', '2019-05-23', 1),
(850, 3, '0', '0', 4, 154, NULL, NULL, '2020-07-02 16:59:44', '2020-01-16', '2023-01-17', 1),
(851, 3, '0', '0', 4, 155, NULL, NULL, '2020-07-02 16:59:44', NULL, NULL, 1),
(852, 2, '0', '0', 4, 156, NULL, NULL, '2020-07-02 16:59:44', NULL, NULL, 1),
(853, 2, '0', '0', 4, 157, NULL, NULL, '2020-07-02 16:59:44', NULL, NULL, 1),
(854, 4, '0', '0', 4, 70, NULL, NULL, '2020-07-02 16:59:44', NULL, NULL, 1),
(855, 2, '0', '0', 4, 72, NULL, NULL, '2020-07-02 16:59:44', NULL, NULL, 1),
(856, 4, '0', '0', 4, 134, NULL, NULL, '2020-07-02 16:59:44', NULL, NULL, 1),
(857, 4, '0', '0', 4, 108, NULL, NULL, '2020-07-02 16:59:44', NULL, NULL, 1),
(858, 3, '0', '0', 4, 78, NULL, NULL, '2020-07-02 16:59:44', NULL, NULL, 1),
(859, 1, '0', '0', 4, 144, NULL, NULL, '2020-07-02 16:59:44', NULL, NULL, 1),
(860, 4, '0', '0', 4, 90, NULL, NULL, '2020-07-02 16:59:44', NULL, NULL, 1),
(861, 4, '0', '0', 4, 5, NULL, NULL, '2020-07-02 16:59:44', NULL, NULL, 1),
(862, 1, '0', '0', 4, 68, NULL, NULL, '2020-07-02 16:59:44', NULL, NULL, 1),
(863, 1, '0', '0', 4, 73, NULL, NULL, '2020-07-02 16:59:44', NULL, NULL, 1),
(864, 1, '0', '0', 4, 151, NULL, NULL, '2020-07-02 16:59:44', NULL, NULL, 1),
(865, 3, '0', '0', 4, 25, NULL, NULL, '2020-07-02 16:59:44', '2017-06-30', '2021-06-01', 1),
(866, 1, '0', '0', 4, 27, NULL, NULL, '2020-07-02 16:59:44', NULL, NULL, 1),
(867, 1, '0', '0', 4, 28, NULL, NULL, '2020-07-02 16:59:44', NULL, NULL, 1),
(868, 1, '0', '0', 4, 33, NULL, NULL, '2020-07-02 16:59:44', NULL, NULL, 1),
(869, 3, '0', '0', 4, 58, NULL, NULL, '2020-07-02 16:59:44', '2020-01-12', '2023-01-12', 1),
(870, 1, '0', '0', 4, 42, NULL, NULL, '2020-07-02 16:59:45', NULL, NULL, 1),
(871, 3, '0', '0', 4, 30, NULL, NULL, '2020-07-02 16:59:45', '2020-01-16', '2023-01-17', 1),
(872, 1, '0', '0', 4, 43, NULL, NULL, '2020-07-02 16:59:45', NULL, NULL, 1),
(873, 1, '0', '0', 4, 53, NULL, NULL, '2020-07-02 16:59:45', NULL, NULL, 1),
(874, 1, '0', '0', 4, 54, NULL, NULL, '2020-07-02 16:59:45', NULL, NULL, 1),
(875, 1, '0', '0', 4, 74, NULL, NULL, '2020-07-02 16:59:45', NULL, NULL, 1),
(876, 1, '0', '0', 4, 38, NULL, NULL, '2020-07-02 16:59:45', NULL, NULL, 1),
(877, 1, '0', '0', 4, 55, NULL, NULL, '2020-07-02 16:59:45', NULL, NULL, 1),
(878, 2, '0', '0', 4, 7, NULL, NULL, '2020-07-02 16:59:45', '2014-03-23', '2019-03-22', 1),
(879, 3, '0', '0', 4, 127, NULL, NULL, '2020-07-02 16:59:45', NULL, NULL, 1);

-- --------------------------------------------------------

--
-- Estructura de tabla para la tabla `estado`
--

CREATE TABLE `estado` (
  `id` int(11) NOT NULL,
  `estado` varchar(100) NOT NULL
) ENGINE=InnoDB DEFAULT CHARSET=latin1;

--
-- Volcado de datos para la tabla `estado`
--

INSERT INTO `estado` (`id`, `estado`) VALUES
(1, 'ACTIVO'),
(2, 'ELIMINADO');

-- --------------------------------------------------------

--
-- Estructura de tabla para la tabla `estado_dispositivo`
--

CREATE TABLE `estado_dispositivo` (
  `id` int(11) NOT NULL,
  `estado` text NOT NULL
) ENGINE=InnoDB DEFAULT CHARSET=latin1;

--
-- Volcado de datos para la tabla `estado_dispositivo`
--

INSERT INTO `estado_dispositivo` (`id`, `estado`) VALUES
(1, 'activo'),
(2, 'dañado'),
(3, 'critico');

-- --------------------------------------------------------

--
-- Estructura de tabla para la tabla `estado_ticket`
--

CREATE TABLE `estado_ticket` (
  `id` int(11) NOT NULL,
  `estado` varchar(200) NOT NULL
) ENGINE=InnoDB DEFAULT CHARSET=latin1;

--
-- Volcado de datos para la tabla `estado_ticket`
--

INSERT INTO `estado_ticket` (`id`, `estado`) VALUES
(1, 'ACTIVO'),
(2, 'PROCESO'),
(3, 'CERRADO');

-- --------------------------------------------------------

--
-- Estructura de tabla para la tabla `eventos_log_dispositivo`
--

CREATE TABLE `eventos_log_dispositivo` (
  `id` int(11) NOT NULL,
  `id_usuario` int(11) NOT NULL,
  `id_dispositivo` int(11) NOT NULL,
  `fecha evento` datetime NOT NULL,
  `id_tipo_evento_disp` int(11) NOT NULL,
  `observacion` text NOT NULL
) ENGINE=InnoDB DEFAULT CHARSET=latin1;

-- --------------------------------------------------------

--
-- Estructura de tabla para la tabla `eventos_log_tecnico_sistemas`
--

CREATE TABLE `eventos_log_tecnico_sistemas` (
  `id` int(11) NOT NULL,
  `id_tecnico_sistemas` int(11) NOT NULL,
  `fecha_evento` datetime NOT NULL,
  `observacion` text NOT NULL,
  `id_tipo_evento_usuario` int(11) NOT NULL
) ENGINE=InnoDB DEFAULT CHARSET=latin1;

--
-- Volcado de datos para la tabla `eventos_log_tecnico_sistemas`
--

INSERT INTO `eventos_log_tecnico_sistemas` (`id`, `id_tecnico_sistemas`, `fecha_evento`, `observacion`, `id_tipo_evento_usuario`) VALUES
(1, 9, '2020-07-08 15:54:14', '{\"id_ticket\":38,\"observacion\":\"ASIGNACION AL TECNICO\",\"id_tecnico_asignado\":10}', 4),
(2, 9, '2020-07-08 16:04:00', '{\"id_ticket\":38,\"observacion\":\"DIAGNOSTICO TECNICO \"}', 4),
(3, 9, '2020-07-08 16:06:07', '{\"id_ticket\":38,\"observacion\":\"DIAGNOSTICO TECNICO \"}', 4),
(4, 10, '2020-07-08 16:17:59', '{\"id_ticket\":38,\"observacion\":\"SE EJECUTO EL DIAGNOSTICO \"}', 4),
(5, 10, '2020-07-08 16:29:09', '{\"id_ticket\":38,\"observacion\":\"EJECUTO SOLUCION\"}', 4),
(6, 9, '2020-07-08 16:31:59', '{\"id_ticket\":\"9\",\"observacion\":\"CAMBIO ESTADO\"}', 4),
(7, 9, '2020-07-08 16:50:00', '{\"id_ticket\":38,\"observacion\":\"DIAGNOSTICO TECNICO \"}', 4),
(8, 9, '2020-07-08 16:52:54', '{\"id_ticket\":38,\"observacion\":\"DIAGNOSTICO TECNICO \"}', 4),
(9, 9, '2020-07-09 13:11:09', '{\"id_ticket\":38,\"observacion\":\"DIAGNOSTICO TECNICO \"}', 4),
(10, 10, '2020-07-09 14:47:42', '{\"id_ticket\":38,\"observacion\":\"EJECUTO SOLUCION\"}', 4),
(11, 10, '2020-07-09 14:56:28', '{\"id_ticket\":38,\"observacion\":\"EJECUTO SOLUCION\"}', 4),
(12, 10, '2020-07-09 14:57:52', '{\"id_ticket\":38,\"observacion\":\"EJECUTO SOLUCION\"}', 4),
(13, 10, '2020-07-09 14:59:21', '{\"id_ticket\":38,\"observacion\":\"EJECUTO SOLUCION\"}', 4),
(14, 9, '2020-07-09 15:32:34', '{\"id_ticket\":38,\"observacion\":\"EJECUTO SOLUCION\"}', 4),
(15, 2, '2020-07-09 15:32:43', '{\"id_ticket\":38,\"observacion\":\"EJECUTO SOLUCION\"}', 4),
(16, 1, '2020-07-09 15:35:34', '{\"id_ticket\":38,\"observacion\":\"EJECUTO SOLUCION\"}', 4),
(17, 25, '2020-07-09 15:38:45', '{\"id_ticket\":38,\"observacion\":\"EJECUTO SOLUCION\"}', 4),
(18, 2, '2020-07-09 15:46:40', '{\"id_ticket\":38,\"observacion\":\"EJECUTO SOLUCION\"}', 4),
(19, 2, '2020-07-09 15:54:02', '{\"id_ticket\":9,\"observacion\":\"EJECUTO SOLUCION\"}', 4),
(20, 2, '2020-07-09 16:08:15', 'PRUEBA EJECUTADA', 4),
(21, 9, '2020-07-09 16:09:25', '{\"id_ticket\":38,\"observacion\":\"DIAGNOSTICO TECNICO \"}', 4),
(22, 2, '2020-07-09 16:09:43', '{\"id_ticket\":9,\"observacion\":\"DIAGNOSTICO TECNICO \"}', 4);

-- --------------------------------------------------------

--
-- Estructura de tabla para la tabla `eventos_log_usuario`
--

CREATE TABLE `eventos_log_usuario` (
  `id` int(11) NOT NULL,
  `id_usuario` int(11) NOT NULL,
  `fecha_evento` datetime NOT NULL,
  `observacion` text DEFAULT NULL,
  `id_tipo_evento_usuario` int(11) NOT NULL
) ENGINE=InnoDB DEFAULT CHARSET=latin1;

--
-- Volcado de datos para la tabla `eventos_log_usuario`
--

INSERT INTO `eventos_log_usuario` (`id`, `id_usuario`, `fecha_evento`, `observacion`, `id_tipo_evento_usuario`) VALUES
(1, 1, '2020-07-08 07:30:23', 'INGRESO', 1),
(2, 1, '2020-07-08 09:38:50', 'INGRESO', 1),
(3, 1, '2020-07-08 11:20:18', 'INGRESO', 1),
(4, 1, '2020-07-08 11:43:54', 'INGRESO', 1),
(5, 1, '2020-07-08 12:36:25', 'INGRESO', 1),
(6, 1, '2020-07-09 12:08:50', 'CREACION', 4),
(7, 1, '2020-07-09 12:12:29', 'CREACION', 4),
(8, 1, '2020-07-09 12:14:35', 'CREACION', 4),
(9, 9, '2020-07-09 17:57:01', 'CREACION', 4);

-- --------------------------------------------------------

--
-- Estructura de tabla para la tabla `grupo`
--

CREATE TABLE `grupo` (
  `id` int(11) NOT NULL,
  `grupo` varchar(255) NOT NULL,
  `id_estado` int(11) NOT NULL
) ENGINE=InnoDB DEFAULT CHARSET=latin1;

--
-- Volcado de datos para la tabla `grupo`
--

INSERT INTO `grupo` (`id`, `grupo`, `id_estado`) VALUES
(1, 'ADMÓN.', 1),
(2, 'ANDRES VALENCIA', 1),
(3, 'APOYO A.L', 1),
(4, 'BELLA MONTAÑA', 1),
(5, 'CAMILO FONSECA', 1),
(6, 'CASTELLANOS LÓPEZ ALEJANDRO MIGUEL', 1),
(7, 'DANIEL CAMILO GÓMEZ', 1),
(8, 'DIEGO LEAL', 1),
(9, 'EDWIN VILLAMIL', 1),
(10, 'GERMÁN TORRES', 1),
(11, 'GINNA DÍAZ', 1),
(12, 'HEIDY JIMÉNEZ', 1),
(13, 'ISMAEL BABATIVA', 1),
(14, 'JORGE MARTÍNEZ', 1),
(15, 'JUAN PABLO LÓPEZ', 1),
(16, 'KATHERINE TAMAYO', 1),
(17, 'LUZ ANGELA DUARTE', 1),
(18, 'MARÍA TERESA GONZÁLEZ', 1),
(19, 'MÓNICA SIERRA', 1),
(20, 'OUTSOURCING', 1),
(21, 'Platinum Contact Center', 1),
(22, 'RECEPCION', 1),
(23, 'ROCÍO LAGOS', 1),
(24, 'SENA ', 1),
(25, 'SOCIO', 1),
(26, 'STEFANNY GIL', 1),
(27, 'SUHAIDA SANTANDER Y MATEO ATENCIA', 1);

-- --------------------------------------------------------

--
-- Estructura de tabla para la tabla `informacion_dispositivos`
--

CREATE TABLE `informacion_dispositivos` (
  `id` int(11) NOT NULL,
  `memoria` text DEFAULT NULL,
  `disco_duro` text DEFAULT NULL,
  `procesador` text DEFAULT NULL,
  `horas_uso` time DEFAULT NULL,
  `tamano` text DEFAULT NULL,
  `fecha_actualizado` datetime NOT NULL,
  `id_dispositivo` int(11) NOT NULL
) ENGINE=InnoDB DEFAULT CHARSET=latin1;

-- --------------------------------------------------------

--
-- Estructura de tabla para la tabla `licencia_apps`
--

CREATE TABLE `licencia_apps` (
  `id` int(11) NOT NULL,
  `fecha_inicio` date NOT NULL,
  `fecha_fin` date NOT NULL,
  `num_licencias` text NOT NULL,
  `id_aplicacion` int(11) NOT NULL
) ENGINE=InnoDB DEFAULT CHARSET=latin1;

-- --------------------------------------------------------

--
-- Estructura de tabla para la tabla `marca_dispositivo`
--

CREATE TABLE `marca_dispositivo` (
  `id` int(11) NOT NULL,
  `marca` varchar(100) NOT NULL
) ENGINE=InnoDB DEFAULT CHARSET=latin1;

--
-- Volcado de datos para la tabla `marca_dispositivo`
--

INSERT INTO `marca_dispositivo` (`id`, `marca`) VALUES
(1, 'DELL'),
(7, 'GRANDSTREAM'),
(4, 'HP'),
(2, 'LENOVO'),
(3, 'MAC'),
(8, 'POLYCOM'),
(5, 'SAMSUNG'),
(6, 'VIEWSONIC'),
(9, 'YEALINK');

-- --------------------------------------------------------

--
-- Estructura de tabla para la tabla `modelo_dispositivo`
--

CREATE TABLE `modelo_dispositivo` (
  `id` int(11) NOT NULL,
  `id_marca` int(11) NOT NULL,
  `modelo` text NOT NULL,
  `id_estado` int(11) NOT NULL
) ENGINE=InnoDB DEFAULT CHARSET=latin1;

--
-- Volcado de datos para la tabla `modelo_dispositivo`
--

INSERT INTO `modelo_dispositivo` (`id`, `id_marca`, `modelo`, `id_estado`) VALUES
(1, 1, 'Optiplex', 1),
(2, 2, 'ThinkCentre', 1),
(3, 1, 'Latitude', 1),
(4, 2, 'TINY', 1),
(5, 1, 'Vostro', 1),
(6, 2, 'Workstation', 1),
(7, 3, 'AIR', 1),
(8, 2, 'AIO', 1),
(9, 2, 'E1910HC', 1),
(10, 2, 'Laptop', 1),
(11, 4, 'Notebook', 1),
(12, 2, 'ThinkPad', 1),
(13, 1, '2033SN', 1),
(14, 2, '22MP58VQ', 1),
(15, 1, '2580-AB1', 1),
(16, 1, '2580AF1', 1),
(17, 1, '93SNPLUS', 1),
(18, 1, '943SNX', 1),
(19, 1, 'B1930N', 1),
(20, 6, 'CS13818', 1),
(21, 2, 'E0130', 1),
(22, 2, 'E1910HC', 1),
(23, 1, 'E1911F', 1),
(24, 1, 'E2216H', 1),
(25, 1, 'L197WA', 1),
(26, 2, 'LS19', 1),
(27, 5, 'LS22F350FHLXZL', 1),
(28, 5, 'LS24F350FHLXZL', 1),
(29, 1, 'P2214HB', 1),
(30, 1, 'P2217H', 1),
(31, 1, 'P2219H', 1),
(32, 5, 'S24F350FHL', 1),
(33, 2, 'T2254PC', 1),
(34, 2, 'T23D10', 1),
(35, 5, '943NWX', 1),
(36, 2, 'D186WA', 1),
(37, 7, 'GXP1610', 1),
(38, 7, 'GXP1620', 1),
(39, 7, 'GXP1400', 1),
(40, 7, 'GXP2120', 1),
(41, 8, 'SOUND STATION IP 5000', 1),
(42, 9, 'CP960', 1),
(43, 7, 'GXP1405', 1),
(44, 9, 'T27G', 1),
(45, 9, 'KX-TG6511LA', 1);

-- --------------------------------------------------------

--
-- Estructura de tabla para la tabla `oficina`
--

CREATE TABLE `oficina` (
  `id` int(11) NOT NULL,
  `oficina` varchar(255) NOT NULL,
  `id_estado` int(11) NOT NULL
) ENGINE=InnoDB DEFAULT CHARSET=latin1;

--
-- Volcado de datos para la tabla `oficina`
--

INSERT INTO `oficina` (`id`, `oficina`, `id_estado`) VALUES
(1, 'CASA LYA PISO 1', 1),
(2, 'CASA LYA PISO 2', 1),
(3, 'PRINCIPAL', 1),
(4, 'CORFIVALLE', 1),
(5, 'MEDELLÍN', 1),
(6, 'IN HOUSE', 1),
(7, 'CITIBANK', 1),
(8, 'TELEFÓNICA', 1);

-- --------------------------------------------------------

--
-- Estructura de tabla para la tabla `origen_dispositivo`
--

CREATE TABLE `origen_dispositivo` (
  `id` int(11) NOT NULL,
  `origen` text NOT NULL
) ENGINE=InnoDB DEFAULT CHARSET=latin1;

--
-- Volcado de datos para la tabla `origen_dispositivo`
--

INSERT INTO `origen_dispositivo` (`id`, `origen`) VALUES
(1, 'ALQUILER'),
(2, 'COMPRA DIRECTA'),
(3, 'LEASING'),
(4, 'REMANUFACTURADO');

-- --------------------------------------------------------

--
-- Estructura de tabla para la tabla `prioridad`
--

CREATE TABLE `prioridad` (
  `id` int(11) NOT NULL,
  `prioridad` varchar(100) NOT NULL,
  `valor_prioridad` bigint(20) NOT NULL
) ENGINE=InnoDB DEFAULT CHARSET=latin1;

--
-- Volcado de datos para la tabla `prioridad`
--

INSERT INTO `prioridad` (`id`, `prioridad`, `valor_prioridad`) VALUES
(1, 'Alta', 1),
(2, 'Alta', 2),
(3, 'Alta', 3),
(4, 'Media', 4),
(5, 'Media', 5),
(6, 'Media', 6),
(7, 'Baja', 7),
(8, 'Baja', 8),
(9, 'Baja', 9),
(10, 'Baja', 10);

-- --------------------------------------------------------

--
-- Estructura de tabla para la tabla `proveedores`
--

CREATE TABLE `proveedores` (
  `id` int(11) NOT NULL,
  `proveedor` varchar(250) NOT NULL,
  `nit` text NOT NULL,
  `descripcion_servicio` longtext NOT NULL,
  `fecha_creacion` datetime NOT NULL,
  `estado` int(11) NOT NULL
) ENGINE=InnoDB DEFAULT CHARSET=latin1;

-- --------------------------------------------------------

--
-- Estructura de tabla para la tabla `pruebas_ejecutadas`
--

CREATE TABLE `pruebas_ejecutadas` (
  `id` int(11) NOT NULL,
  `id_catalogo` int(11) NOT NULL,
  `id_sintoma` int(11) NOT NULL,
  `id_tecnico` int(11) NOT NULL,
  `id_tipificacion_prueba` int(11) NOT NULL,
  `observacion` text DEFAULT NULL,
  `fecha_creacion` datetime NOT NULL,
  `tags` longtext DEFAULT NULL
) ENGINE=InnoDB DEFAULT CHARSET=latin1;

--
-- Volcado de datos para la tabla `pruebas_ejecutadas`
--

INSERT INTO `pruebas_ejecutadas` (`id`, `id_catalogo`, `id_sintoma`, `id_tecnico`, `id_tipificacion_prueba`, `observacion`, `fecha_creacion`, `tags`) VALUES
(6, 1, 3, 2, 1, 'no enciende', '2020-07-09 16:08:15', NULL);

-- --------------------------------------------------------

--
-- Estructura de tabla para la tabla `referencia_dispositivo`
--

CREATE TABLE `referencia_dispositivo` (
  `id` int(11) NOT NULL,
  `id_modelo` int(11) NOT NULL,
  `referencia` text NOT NULL,
  `id_estado` int(11) NOT NULL
) ENGINE=InnoDB DEFAULT CHARSET=latin1;

--
-- Volcado de datos para la tabla `referencia_dispositivo`
--

INSERT INTO `referencia_dispositivo` (`id`, `id_modelo`, `referencia`, `id_estado`) VALUES
(1, 1, '3070', 1),
(2, 1, '3060', 1),
(3, 2, 'M700z', 1),
(4, 1, '7470', 1),
(5, 2, 'CORE I5', 1),
(6, 1, 'E7250', 1),
(7, 1, '3400', 1),
(8, 1, '7480', 1),
(9, 2, 'Edge 72z', 1),
(10, 2, 'E73z', 1),
(11, 1, 'E7480', 1),
(12, 1, 'Vostro', 1),
(13, 2, 'P300', 1),
(14, 2, 'M73z', 1),
(15, 2, 'V410Z', 1),
(16, 1, 'E7470', 1),
(17, 2, 'G480', 1),
(18, 4, '240 G6', 1),
(19, 2, 'V310', 1),
(20, 2, 'X240', 1),
(21, 2, 'M72z', 1),
(22, 2, 'T440S', 1),
(23, 1, '2033SN', 1),
(24, 2, '22MP58VQ', 1),
(25, 1, '2580-AB1', 1),
(26, 1, '2580AF1', 1),
(27, 1, '93SNPLUS', 1),
(28, 1, '943SNX', 1),
(29, 1, 'B1930N', 1),
(30, 6, 'CS13818', 1),
(31, 2, 'E0130', 1),
(32, 2, 'E1910HC', 1),
(33, 1, 'E1911F', 1),
(34, 1, 'E2216H', 1),
(35, 1, 'L197WA', 1),
(36, 2, 'LS19', 1),
(37, 5, 'LS22F350FHLXZL', 1),
(38, 5, 'LS24F350FHLXZL', 1),
(39, 1, 'P2214HB', 1),
(40, 1, 'P2217H', 1),
(41, 1, 'P2219H', 1),
(42, 5, 'S24F350FHL', 1),
(43, 2, 'T2254PC', 1),
(44, 2, 'T23D10', 1),
(45, 5, '943NWX', 1),
(46, 2, 'D186WA', 1),
(47, 7, 'GXP1610', 1),
(48, 7, 'GXP1620', 1),
(49, 7, 'GXP1400', 1),
(50, 7, 'GXP2120', 1),
(51, 8, 'SOUND STATION IP 5000', 1),
(52, 9, 'CP960', 1),
(53, 7, 'GXP1405', 1),
(54, 9, 'T27G', 1),
(55, 9, 'KX-TG6511LA', 1);

-- --------------------------------------------------------

--
-- Estructura de tabla para la tabla `relacion_app_usuarios`
--

CREATE TABLE `relacion_app_usuarios` (
  `id` int(11) NOT NULL,
  `id_aplicacion` int(11) NOT NULL,
  `id_usuario` int(11) NOT NULL
) ENGINE=InnoDB DEFAULT CHARSET=latin1;

-- --------------------------------------------------------

--
-- Estructura de tabla para la tabla `rol`
--

CREATE TABLE `rol` (
  `id` int(11) NOT NULL,
  `rol` varchar(50) NOT NULL
) ENGINE=InnoDB DEFAULT CHARSET=latin1;

--
-- Volcado de datos para la tabla `rol`
--

INSERT INTO `rol` (`id`, `rol`) VALUES
(1, 'ADMINISTRADOR'),
(2, 'USER_LOPEZ');

-- --------------------------------------------------------

--
-- Estructura de tabla para la tabla `sintomas`
--

CREATE TABLE `sintomas` (
  `id` int(11) NOT NULL,
  `sintoma` text NOT NULL,
  `id_ticket` int(11) NOT NULL,
  `fecha_creacion` datetime NOT NULL,
  `id_usuario` int(11) NOT NULL,
  `id_aplicacion` int(11) DEFAULT NULL,
  `id_dispositivo` int(11) DEFAULT NULL,
  `id_comunicacion` int(11) DEFAULT NULL,
  `tags` longtext DEFAULT NULL
) ENGINE=InnoDB DEFAULT CHARSET=latin1;

--
-- Volcado de datos para la tabla `sintomas`
--

INSERT INTO `sintomas` (`id`, `sintoma`, `id_ticket`, `fecha_creacion`, `id_usuario`, `id_aplicacion`, `id_dispositivo`, `id_comunicacion`, `tags`) VALUES
(2, 'roto', 9, '2020-07-09 12:12:29', 1, NULL, 22, NULL, NULL),
(3, 'no da imagen, pero si enciende', 10, '2020-07-09 12:14:35', 1, NULL, 22, NULL, 'undefined no da imagen, si enciende'),
(4, 'no funciono', 11, '2020-07-09 17:57:01', 9, NULL, 14, NULL, NULL);

-- --------------------------------------------------------

--
-- Estructura de tabla para la tabla `solucion_ejecutada`
--

CREATE TABLE `solucion_ejecutada` (
  `id` int(11) NOT NULL,
  `id_catalogo_solucion` int(11) NOT NULL,
  `id_ticket` int(11) NOT NULL,
  `ids_diagnostico` text NOT NULL,
  `id_tecnico` int(11) NOT NULL,
  `resultado` tinyint(1) NOT NULL,
  `tags` longtext DEFAULT NULL,
  `fecha_creacion` datetime NOT NULL
) ENGINE=InnoDB DEFAULT CHARSET=latin1;

--
-- Volcado de datos para la tabla `solucion_ejecutada`
--

INSERT INTO `solucion_ejecutada` (`id`, `id_catalogo_solucion`, `id_ticket`, `ids_diagnostico`, `id_tecnico`, `resultado`, `tags`, `fecha_creacion`) VALUES
(11, 1, 9, 'pantalla muy rota', 2, 0, 'null', '2020-07-09 15:44:56'),
(13, 5, 9, '1,2,3', 2, 0, NULL, '2020-07-09 15:54:02');

-- --------------------------------------------------------

--
-- Estructura de tabla para la tabla `tecnicos_sistemas`
--

CREATE TABLE `tecnicos_sistemas` (
  `id` int(11) NOT NULL,
  `id_usuario` int(11) NOT NULL,
  `password` text NOT NULL,
  `reset_password` tinyint(1) NOT NULL,
  `id_rol` int(11) NOT NULL,
  `id_estado` int(11) NOT NULL,
  `id_oficina` text NOT NULL
) ENGINE=InnoDB DEFAULT CHARSET=latin1;

--
-- Volcado de datos para la tabla `tecnicos_sistemas`
--

INSERT INTO `tecnicos_sistemas` (`id`, `id_usuario`, `password`, `reset_password`, `id_rol`, `id_estado`, `id_oficina`) VALUES
(1, 25, '$2b$10$9r7okaoOj5qvt3q/.nIR5.LX88yhOlMHuSOJcYAgQxOt2Wf43X0fO', 0, 2, 1, '3'),
(2, 151, '$2b$10$9r7okaoOj5qvt3q/.nIR5.LX88yhOlMHuSOJcYAgQxOt2Wf43X0fO', 0, 2, 1, '1');

-- --------------------------------------------------------

--
-- Estructura de tabla para la tabla `tickets`
--

CREATE TABLE `tickets` (
  `id` int(11) NOT NULL,
  `id_usuario_creador` int(11) NOT NULL,
  `fecha_creacion` datetime NOT NULL,
  `fecha_cierre` datetime DEFAULT NULL,
  `id_prioridad` int(11) NOT NULL,
  `id_usuarios_vinculados` text DEFAULT NULL,
  `id_tecnico_asignado` int(11) DEFAULT NULL,
  `estado_ticket` int(11) NOT NULL
) ENGINE=InnoDB DEFAULT CHARSET=latin1;

--
-- Volcado de datos para la tabla `tickets`
--

INSERT INTO `tickets` (`id`, `id_usuario_creador`, `fecha_creacion`, `fecha_cierre`, `id_prioridad`, `id_usuarios_vinculados`, `id_tecnico_asignado`, `estado_ticket`) VALUES
(9, 1, '2020-07-09 12:12:28', NULL, 1, NULL, NULL, 1),
(10, 1, '2020-07-09 12:14:34', NULL, 1, NULL, NULL, 1),
(11, 9, '2020-07-09 17:56:58', NULL, 1, NULL, NULL, 1);

-- --------------------------------------------------------

--
-- Estructura de tabla para la tabla `tipificacion_prueba`
--

CREATE TABLE `tipificacion_prueba` (
  `id` int(11) NOT NULL,
  `tipificacion` varchar(200) NOT NULL
) ENGINE=InnoDB DEFAULT CHARSET=latin1;

--
-- Volcado de datos para la tabla `tipificacion_prueba`
--

INSERT INTO `tipificacion_prueba` (`id`, `tipificacion`) VALUES
(1, 'Falla'),
(2, 'Funciona, Parcialmente'),
(3, 'Funciona');

-- --------------------------------------------------------

--
-- Estructura de tabla para la tabla `tipos_comentarios_tecnico`
--

CREATE TABLE `tipos_comentarios_tecnico` (
  `id` int(11) NOT NULL,
  `comentario_tecnico` varchar(250) NOT NULL
) ENGINE=InnoDB DEFAULT CHARSET=latin1;

--
-- Volcado de datos para la tabla `tipos_comentarios_tecnico`
--

INSERT INTO `tipos_comentarios_tecnico` (`id`, `comentario_tecnico`) VALUES
(1, 'Prueba'),
(2, 'Síntoma'),
(3, 'Solución ');

-- --------------------------------------------------------

--
-- Estructura de tabla para la tabla `tipo_dispositivo`
--

CREATE TABLE `tipo_dispositivo` (
  `id` int(11) NOT NULL,
  `dispositivo` text NOT NULL
) ENGINE=InnoDB DEFAULT CHARSET=latin1;

--
-- Volcado de datos para la tabla `tipo_dispositivo`
--

INSERT INTO `tipo_dispositivo` (`id`, `dispositivo`) VALUES
(1, 'PC Escritorio'),
(2, 'PC Todo en Uno'),
(3, 'Portátil'),
(4, 'Pantalla'),
(5, 'Teléfono'),
(6, 'Teclado'),
(7, 'Mouse');

-- --------------------------------------------------------

--
-- Estructura de tabla para la tabla `tipo_enlace`
--

CREATE TABLE `tipo_enlace` (
  `id` int(11) NOT NULL,
  `enlace` int(11) NOT NULL
) ENGINE=InnoDB DEFAULT CHARSET=latin1;

-- --------------------------------------------------------

--
-- Estructura de tabla para la tabla `tipo_evento_dispositivo`
--

CREATE TABLE `tipo_evento_dispositivo` (
  `id` int(11) NOT NULL,
  `evento` varchar(100) NOT NULL
) ENGINE=InnoDB DEFAULT CHARSET=latin1;

-- --------------------------------------------------------

--
-- Estructura de tabla para la tabla `tipo_evento_usuario`
--

CREATE TABLE `tipo_evento_usuario` (
  `id` int(11) NOT NULL,
  `evento` varchar(250) NOT NULL
) ENGINE=InnoDB DEFAULT CHARSET=latin1;

--
-- Volcado de datos para la tabla `tipo_evento_usuario`
--

INSERT INTO `tipo_evento_usuario` (`id`, `evento`) VALUES
(1, 'INICIO SESION'),
(2, 'CREACION USUARIO'),
(3, 'CERRAR SESION'),
(4, 'TICKETS');

-- --------------------------------------------------------

--
-- Estructura de tabla para la tabla `usuarios_officina`
--

CREATE TABLE `usuarios_officina` (
  `id` int(11) NOT NULL,
  `cedula` varchar(50) NOT NULL,
  `nombre` varchar(255) NOT NULL,
  `correo` varchar(255) NOT NULL,
  `cargo` varchar(255) NOT NULL,
  `id_grupo` int(11) NOT NULL,
  `id_oficina` int(11) NOT NULL,
  `extension` varchar(250) DEFAULT NULL,
  `id_rol` int(11) DEFAULT NULL,
  `fecha_creacion` datetime NOT NULL,
  `id_estado` int(11) NOT NULL
) ENGINE=InnoDB DEFAULT CHARSET=latin1;

--
-- Volcado de datos para la tabla `usuarios_officina`
--

INSERT INTO `usuarios_officina` (`id`, `cedula`, `nombre`, `correo`, `cargo`, `id_grupo`, `id_oficina`, `extension`, `id_rol`, `fecha_creacion`, `id_estado`) VALUES
(1, '1019030336', 'esperanza', 'carolina.celis@lopezasociados.com', 'AUXILIAR OPERACIÓN LEGAL - MINISTERIO ASUNTOS INDIVIDUALES Y SS', 3, 1, 'Ext. 111', 2, '2020-07-02 12:31:20', 1),
(2, '1018472544', 'Juliana Gordillo Cabrera', 'juliana.gordillo@lopezasociados.net', 'ABOGADA JUNIOR - CONSULTORÍA', 27, 1, 'Ext. 197', 2, '2020-07-02 12:31:20', 1),
(3, '1030615542', 'Hernán Felipe Portes Flórez', 'felipe.portes@lopezasociados.net', 'ABOGADO JUNIOR - CONSULTORÍA', 19, 1, 'Ext. 207', 2, '2020-07-02 12:31:20', 1),
(4, '1010213674', 'Alexandra Hernandez', 'alexandra.hernandez@lopezasociados.net', 'ABOGADA JUNIOR - TUTELAS', 5, 1, 'Ext. 190', 2, '2020-07-02 12:31:20', 1),
(5, '1019083711', 'Andrés Felipe Alarcón Garcés', 'andres.alarcon@lopezasociados.net', 'ABOGADO EN FORMACIÓN - CONSULTORÍA', 19, 1, 'Ext. 211', 2, '2020-07-02 12:31:20', 1),
(6, '1047485189', 'Alejandra Amaris Peñuela', 'alejandra.amaris@lopezasociados.net', 'ABOGADA JUNIOR - AUDITORÍAS', 17, 2, 'Ext. 198', 2, '2020-07-02 12:31:20', 1),
(7, '1032475678', 'Paula Daniela Avalos Tierradentro', 'paula.avalos@lopezasociados.net', 'ABOGADA JUNIOR - CONSULTORÍA', 2, 1, 'Ext. 137', 2, '2020-07-02 12:31:21', 1),
(8, '1013688603', 'Mariana Valentina González Robayo', 'mariana.gonzalez@lopezasociados.net', 'DEPENDIENTE JUDICIAL - LITIGIOS Y REPRESENTACIÓN JUDICIAL', 3, 3, 'Ext. 308', 2, '2020-07-02 12:31:21', 1),
(9, '1015459531', 'Aly Díaz Better', 'aly.diaz@lopezasociados.net', 'ABOGADO JUNIOR - CONSULTORÍA', 7, 1, 'Ext. 214', 2, '2020-07-02 12:31:21', 1),
(10, '1013628959', 'Felipe Bolívar Nieto', 'felipe.bolivar@lopezasociados.net', 'ABOGADO JUNIOR - CONSULTORÍA', 10, 1, 'Ext. 257', 2, '2020-07-02 12:31:21', 1),
(11, '1018456366', 'Nicolás García Lizarazo', 'nicolas.garcia@lopezasociados.net', 'ABOGADO JUNIOR - CONSULTORIA', 27, 1, 'Ext. 203', 2, '2020-07-02 12:31:21', 1),
(12, '53077572', 'Heidy Jiménez Morales', 'heidy.jimenez@lopezasociados.net', 'COORDINADORA - MINISTERIO ASUNTOS INDIVIDUALES Y SS', 12, 1, 'Ext. 106', 2, '2020-07-02 12:31:21', 1),
(13, '52817664', 'Rocío Lagos Prieto', 'rocio.lagos@lopezasociados.net', 'LÍDER - RELACIONAMIENTO LABORAL / ABOGADA SOCIA', 25, 2, 'Ext. 104', 2, '2020-07-02 12:31:21', 1),
(14, '80083465', 'Diego Leal Vega', 'diego.leal@lopezasociados.net', 'LÍDER UNIDAD DE CONOCIMIENTO', 8, 2, 'Ext. 196', 2, '2020-07-02 12:31:21', 1),
(15, '1014229749', 'Nicolás Lozano', 'Nicolas.Lozano@lopezasociados.net', 'DEPENDIENTE JUDICIAL - TUTELAS', 3, 1, 'Ext. 183', 2, '2020-07-02 12:31:21', 1),
(16, '1069744114', 'Milton Muñoz Mora', 'milton.munoz@lopezasociados.net', 'DEPENDIENTE JUDICIAL - MINISTERIO ASUNTOS INDIVIDUALES Y SS', 3, 1, 'Ext. 181', 2, '2020-07-02 12:31:21', 1),
(17, '1020806703', 'Isabella Murra Tapias', 'isabella.murra@lopezasociados.net', 'ABOGADA JUNIOR - CONSULTORÍA', 7, 1, 'Ext. 151', 2, '2020-07-02 12:31:21', 1),
(18, '1022403669', 'Nicol Parra Rodriguez', 'nicol.parra@lopezasociados.net', 'AUXILIAR OPERACIÓN LEGAL - MINISTERIO ASUNTOS INDIVIDUALES Y SS', 3, 1, 'Ext. 259', 2, '2020-07-02 12:31:21', 1),
(19, '52526815', 'Bibiana Parra Rodriguez', 'bibiana.parra@lopezasociados.com', 'ABOGADA SENIOR - RELACIONAMIENTO LABORAL', 23, 2, 'Ext. 113', 2, '2020-07-02 12:31:21', 1),
(20, '46451183', 'Fabiola Pérez Murcia', 'fabiola.perez@lopezasociados.com', 'RESPONSABLE DE EQUIPO - RELACIONAMIENTO LABORAL', 23, 2, 'Ext. 176', 2, '2020-07-02 12:31:21', 1),
(21, '1020819072', 'Laura Cristina Quintero Paez', 'laura.quintero@lopezasociados.net', 'ABOGADA JUNIOR - CONSULTORÍA', 19, 1, 'Ext. 138', 2, '2020-07-02 12:31:21', 1),
(22, '1098745789', 'Juan Camilo Rueda P.', 'juan.rueda@lopezasociados.net', 'ABOGADO JUNIOR - CONSULTORÍA', 19, 1, 'Ext. 177', 2, '2020-07-02 12:31:21', 1),
(23, '1018471067', 'Melissa Sanabria Navarro', 'melissa.sanabria@lopezasociados.net', 'Abogada Junior - Consultoría', 27, 1, 'Ext. 155', 2, '2020-07-02 12:31:21', 1),
(24, '1018466295', 'María Camila Silva Segura', 'mariacamila.silva@lopezasociados.net', 'ABOGADA JUNIOR - ESTRUCTURA EMPRESARIAL', 17, 2, 'Ext. 210', 2, '2020-07-02 12:31:21', 1),
(25, '1023971281', 'Omar Vega', 'soporte@lopezasociados.net', 'SOPORTE TI –? OUTSOURCING', 21, 3, 'Ext. 300', 2, '2020-07-02 12:31:21', 1),
(26, '1014194879', 'Diana P. Velandia Cruz', 'diana.velandia@lopezasociados.net', 'RESPONSABLE DE EQUIPO - RELACIONAMIENTO LABORAL', 23, 2, 'Ext. 123', 2, '2020-07-02 12:31:21', 1),
(27, '1069174709', 'Luz Ávila', 'luz.avila@lopezasociados.com', 'AUXILIAR DE CARTERA', 1, 3, 'Ext. 201', 2, '2020-07-02 12:31:21', 1),
(28, '1151447532', 'Kelly Johana Fritman Alzate', 'johana.fritman@lopezasociados.net', 'AUXILIAR GESTIÓN HUMANA', 1, 3, 'Ext. 250', 2, '2020-07-02 12:31:21', 1),
(29, '1026253042', 'Luz Angela Duarte González', 'luzangela.duarte@lopezasociados.net', 'LÍDER - ESTRUCTURA EMPRESARIAL', 17, 1, 'Ext 148', 2, '2020-07-02 12:31:21', 1),
(30, '1014181072', 'Jeison González', 'reparto@lopezasociados.net', 'AUXILIAR ADMINISTRATIVO', 1, 3, 'Ext. 118', 2, '2020-07-02 12:31:21', 1),
(31, '1040049225', 'Santiago Gallego Agudelo', 'santiago.gallego@lopezasociados.net', 'PRACTICANTE UNIVERSITARIO ', 24, 3, 'Ext. 240', 2, '2020-07-02 12:31:21', 1),
(32, '80116271', 'Jose Oviedo', 'jose.oviedo@lopezasociados.net', 'AUXILIAR DE FACTURACIÓN', 1, 3, 'Ext. 105', 2, '2020-07-02 12:31:21', 1),
(33, '1022430752', 'Gabriela Pinto', 'gabriela.pinto@lopezasociados.net', 'AUXILIAR DE FACTURACIÓN', 1, 3, 'Ext. 232', 2, '2020-07-02 12:31:21', 1),
(34, '1000685746', 'Leonardo Barreto Moreno', 'leonardo.barreto@lopezasociados.net', 'AUXILIAR ADMINISTRATIVO', 1, 3, 'Ext. 125', 2, '2020-07-02 12:31:21', 1),
(35, '1019069334', 'Youssef Amara Pachón', 'youssef.amara@lopezasociados.net', 'ABOGADO JUNIOR - LITIGIOS Y REPRESENTACIÓN JUDICIAL', 16, 3, 'Ext. 142', 2, '2020-07-02 12:31:22', 1),
(36, '1110543857', 'Johan Alexis Hurtado Patiño', 'johan.hurtado@lopezasociados.net', 'ABOGADO JUNIOR - LITIGIOS Y REPRESENTACIÓN JUDICIAL', 13, 3, 'Ext. 216', 2, '2020-07-02 12:31:22', 1),
(37, '1032470700', 'Carlos Augusto Suarez P.', 'carlos.suarez@lopezasociados.net', 'ABOGADO JUNIOR - LITIGIOS Y REPRESENTACIÓN JUDICIAL', 16, 3, 'Ext. 184', 2, '2020-07-02 12:31:22', 1),
(38, '52780787', 'Laura Avendaño', 'laura.avendano@lopezasociados.net', 'DIRECTORA ADMINISTRATIVA', 1, 3, 'Ext. 116', 2, '2020-07-02 12:31:22', 1),
(39, '79889501', 'Ismael Babativa', 'ismael.babativa@lopezasociados.net', 'COORDINADOR - LITIGIOS Y REPRESENTACIÓN JUDICIAL', 13, 3, 'Ext. 108', 2, '2020-07-02 12:31:22', 1),
(40, '1015466327', 'Daniel Baez', 'daniel.baez@lopezasociados.net', 'AUXILIAR OPERACIÓN LEGAL - LITIGIOS Y REPRESENTACIÓN JUDICIAL', 3, 3, 'Ext. 192', 2, '2020-07-02 12:31:22', 1),
(41, '1000134821', 'Laura Camila Bello Fonseca', 'laura.bello@lopezasociados.net', 'AUXILIAR OPERACIÓN LEGAL - LITIGIOS Y REPRESENTACIÓN JUDICIAL', 3, 3, 'Ext. 156', 2, '2020-07-02 12:31:22', 1),
(42, '1075224238', 'Marcela Bermúdez', 'marcela.bermudez@lopezasociados.net', 'CONTADORA', 1, 3, 'Ext. 165', 2, '2020-07-02 12:31:22', 1),
(43, '39754926', 'Lucy Isabel Brijaldo F.', 'lucy.brijaldo@lopezasociados.net', 'ANALISTA DE FACTURACIÓN', 1, 3, 'Ext. 115', 2, '2020-07-02 12:31:22', 1),
(44, '79985203', 'Alejandro Castellanos', 'alejandro.castellanos@lopezasociados.net', 'DIRECTOR DE PRÁCTICA LITIGIOS Y REPRESENTACIÓN JUDICIAL / ABOGADO SOCIO', 25, 3, 'Ext. 110', 2, '2020-07-02 12:31:22', 1),
(45, '80071607', 'Fernando Castro', 'fernando.castro@lopezasociados.net', 'ABOGADO SENIOR - LITIGIOS Y REPRESENTACIÓN JUDICIAL', 16, 3, 'Ext. 173', 2, '2020-07-02 12:31:22', 1),
(46, '1052390139', 'Lina Salamanca', 'lina.salamanca@lopezasociados.net', 'ABOGADA SENIOR – LITIGIOS Y REPRESENTACIÓN JUDICIAL', 18, 3, 'Ext. 163', 2, '2020-07-02 12:31:22', 1),
(47, '1015438972', 'Angie Viviana Díaz Fuquen', 'angie.diaz@lopezasociados.net', 'AUXILIAR OPERACIÓN LEGAL - LITIGIOS Y REPRESENTACIÓN JUDICIAL', 3, 3, 'Ext. 228', 2, '2020-07-02 12:31:22', 1),
(48, '40043858', 'María Teresa González', 'mariateresa.gonzalez@lopezasociados.net', 'COORDINADORA - LITIGIOS Y REPRESENTACIÓN JUDICIAL', 18, 3, 'Ext. 220', 2, '2020-07-02 12:31:22', 1),
(49, '1023906270', 'Virgilio Guerrero', 'virgilio.guerrero@lopezasociados.com', 'SUPERVISOR PROCESOS JUDICIALES - LITIGIOS Y REPRESENTACIÓN JUDICIAL', 3, 3, 'Ext. 158', 2, '2020-07-02 12:31:22', 1),
(50, '1090483963', 'María Isabel Mantilla García', 'maria.mantilla@lopezasociados.net', 'ABOGADA EN FORMACIÓN - LITIGIO Y REPRESENTACIÓN JUDICIAL', 13, 3, 'Ext. 189', 2, '2020-07-02 12:31:22', 1),
(51, '10288813', 'Jorge Mejía', 'jorge.mejia@lopezasociados.net', 'GERENTE EJECUTIVO', 1, 3, 'Ext.112', 2, '2020-07-02 12:31:22', 1),
(52, '1098758560', 'Melissa Guerra Cote', 'melissa.guerra@lopezasociados.net', 'ABOGADA JUNIOR - LITIGIOS Y REPRESENTACIÓN JUDICIAL', 13, 3, 'Ext. 264', 2, '2020-07-02 12:31:22', 1),
(53, '37627307', 'Viviana Méndez Flórez', 'viviana.mendez@lopezasociados.net', 'Directora Gestion Humana', 1, 3, 'Ext. 271', 2, '2020-07-02 12:31:22', 1),
(54, '1022988006', 'Jeimy Montejo', 'jeimy.montejo@lopezasociados.net', 'AUXILIAR CONTABLE', 1, 3, 'Ext. 166', 2, '2020-07-02 12:31:22', 1),
(55, '1014305152', 'Solanyi Piñeros', 'solanyi.pineros@lopezasociados.net', 'AUXILIAR CONTABLE', 1, 3, 'Ext. 167', 2, '2020-07-02 12:31:22', 1),
(56, '1019070144', 'Felipe Prada', 'felipe.prada@lopezasociados.net', 'ABOGADO SENIOR - LITIGIOS Y REPRESENTACIÓN JUDICIAL', 16, 3, 'Ext. 206', 2, '2020-07-02 12:31:22', 1),
(57, '1010234830', 'Karen Vanessa Quiñones Suárez', 'karen.quinones@lopezasociados.net', 'AUXILIAR OPERACIÓN LEGAL - LITIGIOS Y REPRESENTACIÓN JUDICIAL', 3, 3, 'Ext. 174', 2, '2020-07-02 12:31:22', 1),
(58, '1014226919', 'Tatiana Sánchez Jiménez', 'tatiana.sanchez@lopezasociados.net', 'ABOGADA SENIOR - LITIGIOS Y REPRESENTACIÓN JUDICIAL', 16, 3, 'Ext. 185', 2, '2020-07-02 12:31:22', 1),
(59, '1019084763', 'Julian  Sánchez Nájar', 'julian.sanchez@lopezasociados.net', 'GESTOR COMERCIAL', 1, 3, 'Ext. 159', 2, '2020-07-02 12:31:22', 1),
(60, '1015446583', 'Viviana Rodríguez Olarte', 'viviana.rodriguez@lopezasociados.net', 'AUXILIAR OPERACIÓN LEGAL - LITIGIOS Y REPRESENTACIÓN JUDICIAL', 11, 3, 'Ext. 267', 2, '2020-07-02 12:31:22', 1),
(61, '1007418527', 'Catalina Tamayo', 'catalina.tamayo@lopezasociados.net', 'SUPERVISORA PROCESOS JUDICIALES - LITIGIOS Y REPRESENTACIÓN JUDICIAL', 3, 3, 'Ext. 131', 2, '2020-07-02 12:31:22', 1),
(62, '1010165377', 'Katherine Tamayo Vallejo', 'katherine.tamayo@lopezasociados.net', 'COORDINADORA - LITIGIOS Y REPRESENTACIÓN JUDICIAL', 16, 3, 'Ext. 107', 2, '2020-07-02 12:31:22', 1),
(63, '1024537820', 'Cristianm Camilo Pinilla Pintor', 'cristianm.pinilla@lopezasociados.net', 'ABOGADO JUNIOR - TUTELAS', 5, 1, 'Ext. 202', 2, '2020-07-02 12:31:23', 1),
(64, '1000156755', 'Tatiana Bonilla Fernández', 'tatiana.bonilla@lopezasociados.net', 'ABOGADA – PROYECTO PORVENIR', 4, 4, 'Ext. 262', 2, '2020-07-02 12:31:23', 1),
(65, '1136887239', 'Nicolás Rueda Cotes', 'nicolas.rueda@lopezasociados.net', 'ABOGADO JUNIOR - LITIGIOS Y REPRESENTACIÓN JUDICIAL', 13, 3, 'Ext. 239', 2, '2020-07-02 12:31:23', 1),
(66, '1024490237', 'Eliana Galeano Reyes', 'eliana.galeano@lopezasociados.net', 'ABOGADA EN FORMACIÓN – PROYECTO PORVENIR', 4, 4, 'Ext. 262', 2, '2020-07-02 12:31:23', 1),
(67, '\r\n1036948851', 'Sara Marin Giraldo', 'sara.marin@lopezasociados.net', ' Abogada - Proyecto Porvenir', 14, 5, '0', 2, '2020-07-02 12:31:23', 1),
(68, '1018402271', 'Andrés Felipe Mejía Vidal', 'andres.mejia@lopezasociados.net', 'ABOGADO SENIOR - LITIGIOS Y REPRESENTACIÓN JUDICIAL', 18, 3, 'Ext. 256', 2, '2020-07-02 12:31:23', 1),
(69, '80811649', 'Jorge Iván Vargas Rojas', 'jorge.vargas@lopezasociados.net', 'ABOGADO SENIOR - LITIGIOS Y REPRESENTACIÓN JUDICIAL', 16, 3, 'Ext. 122', 2, '2020-07-02 12:31:23', 1),
(70, '1095813194', 'Karen Vanessa Vejar Ramírez', 'karen.vejar@lopezasociados.net', 'ABOGADA JUNIOR - LITIGIOS Y REPRESENTACIÓN JUDICIAL', 18, 3, 'Ext. 215', 2, '2020-07-02 12:31:23', 1),
(71, '1026266772', 'Catiana Tonetti González', 'catiana.tonetti@lopezasociados.net', 'ABOGADA - PROYECTO PORVENIR', 4, 4, 'Ext. 270', 2, '2020-07-02 12:31:23', 1),
(72, '1036667346', 'Mishell Naranjo', 'mishell.naranjo@lopezasociados.net', 'Analista Unidad de Conocimiento - Medellín', 9, 5, 'Ext.314', 2, '2020-07-02 12:31:23', 1),
(73, '1030683678', 'Diego Puentes Sánchez', 'diego.puentes.s@lopezasociados.net', 'AUXILIAR OPERACIÓN LEGAL - LITIGIOS Y REPRESENTACIÓN JUDICIAL', 3, 3, 'Ext. 263', 2, '2020-07-02 12:31:23', 1),
(74, '1001216987', 'Brayan Esguerra Rodríguez', 'brayan.esguerra@lopezasociados.net', 'AUXILIAR OPERACIÓN LEGAL - LITIGIOS Y REPRESENTACIÓN JUDICIAL', 3, 3, '0', 2, '2020-07-02 12:31:23', 1),
(75, '1032443738', 'Tatiana Lozano', 'tatiana.lozano@lopezasociados.net', 'ABOGADA SENIOR - LITIGIOS Y REPRESENTACIÓN JUDICIAL', 18, 3, 'Ext. 171', 2, '2020-07-02 12:31:23', 1),
(76, '1026274345', 'Tatiana Peña Molano', 'tatiana.pena@lopezasociados.net', 'ABOGADA SENIOR – LITIGIOS Y REPRESENTACIÓN JUDICIAL', 18, 3, 'Ext. 222', 2, '2020-07-02 12:31:23', 1),
(77, '93470774', 'Ulbeiro Sánchez', 'ulbeiro.sanchez@lopezasociados.net', 'DEPENDIENTE JUDICIAL - LITIGIOS Y REPRESENTACIÓN JUDICIAL', 3, 3, 'Ext. 130', 2, '2020-07-02 12:31:23', 1),
(78, '1019064565', 'Ana María Duarte Medina', 'anamaria.duarte@lopezasociados.net', 'ABOGADA SENIOR - CONSULTORÍA', 10, 1, 'Ext. 149', 2, '2020-07-02 12:31:23', 1),
(79, '1067940605', 'Víctor Manuel García Pérez', 'victor.garcia@lopezasociados.net', 'ABOGADO EN FORMACIÓN - CONSULTORÍA', 10, 1, 'Ext. 182', 2, '2020-07-02 12:31:23', 1),
(80, '1010166757', 'Stefanny Gil Herrera', 'stefanny.gil@lopezasociados.net', 'RESPONSABLE DE EQUIPO - ASUNTOS MIGRATORIOS', 26, 1, 'Ext. 209', 2, '2020-07-02 12:31:23', 1),
(81, '1020767517', 'Mónica Amaya', 'monica.amaya@lopezasociados.net', 'ABOGADA SENIOR - CONSULTORÍA', 7, 1, 'Ext. 119', 2, '2020-07-02 12:31:23', 1),
(82, '1032475677', 'Daniela Astudillo Cajas', 'daniela.astudillo@lopezasociados.net', 'ABOGADA JUNIOR - MINISTERIO ASUNTOS INDIVIDUALES Y SS', 12, 1, 'Ext. 236', 2, '2020-07-02 12:31:23', 1),
(83, '1015419930', 'Mateo Atencia', 'mateo.atencia@lopezasociados.com', 'ABOGADO SENIOR - CONSULTORÍA', 27, 1, 'Ext. 154', 2, '2020-07-02 12:31:23', 1),
(84, '1020823871', 'Santiago Bonivento Cruz', 'santiago.bonivento@lopezasociados.net', 'ABOGADO FORMACION - CONSULTORÍA', 2, 1, 'Ext. 238', 2, '2020-07-02 12:31:23', 1),
(85, '65761658', 'Angélica Carrión', 'angelica.carrion@lopezasociados.net', 'DIRECTORA ÁREA ASESORÍA LABORAL / ABOGADA SOCIA', 25, 1, 'Ext. 128', 2, '2020-07-02 12:31:23', 1),
(86, '1014267132', 'Diana Pérez', 'diana.perez@lopezasociados.net', 'ABOGADA JUNIOR - CONSULTORÍA', 10, 1, 'Ext. 188', 2, '2020-07-02 12:31:23', 1),
(87, '1110560732', 'Paula Fernández Noreña', 'paula.fernandez@lopezasociados.net', 'ABOGADA JUNIOR - TUTELAS', 5, 1, 'Ext. 205', 2, '2020-07-02 12:31:23', 1),
(88, '1098646031', 'Camilo Fonseca', 'camilo.fonseca@lopezasociados.net', 'COORDINADOR JUNIOR  - TUTELAS', 5, 1, 'Ext. 133', 2, '2020-07-02 12:31:23', 1),
(89, '1026253682', 'Daniel Camilo Gómez Acuña', 'daniel.gomez@lopezasociados.net', 'RESPONSABLE DE EQUIPO - CONSULTORÍA', 7, 1, 'Ext. 129', 2, '2020-07-02 12:31:23', 1),
(90, '1020785940', 'Laura Juliana Gómez Marting', 'laura.gomez@lopezasociados.net', 'ABOGADA JUNIOR - CONSULTORÍA', 10, 1, 'Ext. 227', 2, '2020-07-02 12:31:23', 1),
(91, '1018445882', 'Santiago González G.', 'santiago.gonzalez@lopezasociados.com', 'ABOGADO SENIOR - CONSULTORÍA', 7, 1, 'Ext. 136', 2, '2020-07-02 12:31:23', 1),
(92, '1071330995', 'Valeria Villamizar Vargas', ' ASUNTOS INDIVIDUALES Y SS', 'ABOGADO JUNIOR - MINISTERIO', 12, 1, 'Ext. 191', 2, '2020-07-02 12:31:24', 1),
(93, '1019083188', 'Liseth Paola Luengas Vélez', 'liseth.luengas@lopezasociados.net', 'ABOGADA JUNIOR - CONSULTORÍA', 19, 1, 'Ext. 117', 2, '2020-07-02 12:31:24', 1),
(94, '1032402381', 'Elizabeth Espinel Periaza', 'elizabeth.espinel@lopezasociados.net', 'Abogado - Proyecto Porvenir', 4, 4, 'Ext.262', 2, '2020-07-02 12:31:24', 1),
(95, '1098710863', 'Tatiana Meza Ramírez', 'tatiana.meza@lopezasociados.net', 'ABOGADA JUNIOR - CONSULTORÍA', 27, 1, 'Ext. 178', 2, '2020-07-02 12:31:24', 1),
(96, '1053854574', 'Angélica Paola Briceño Fonseca', 'angelica.briceno@lopezasociados.net', 'Abogada Junior', 2, 1, 'Ext. 213', 2, '2020-07-02 12:31:24', 1),
(97, '1019124122', 'Natalia Lucía Cuello', 'natalia.cuello@lopezasociados.net', 'ANALISTA - ASUNTOS MIGRATORIOS', 26, 1, 'Ext. 237', 2, '2020-07-02 12:31:24', 1),
(98, '1104698993', 'Laura Peñaloza Prieto', 'laura.penaloza@lopezasociados.net', 'RESPONSABLE DE EQUIPO - MINISTERIO ASUNTOS INDIVIDUALES Y SS', 12, 1, 'Ext. 135', 2, '2020-07-02 12:31:24', 1),
(99, '1018456370', 'Juan Pablo Prócel', 'pablo.procel@lopezasociados.com', 'ABOGADO JUNIOR - CONSULTORÍA', 2, 1, 'Ext. 157', 2, '2020-07-02 12:31:24', 1),
(100, '1015437592', 'Sara Ramírez Troya', 'sara.ramirez@lopezasociados.net', 'ABOGADA JUNIOR - CONSULTORÍA', 2, 1, 'Ext. 161', 2, '2020-07-02 12:31:24', 1),
(101, '1032476511', 'Juan Sebastián Rosso Bayona', 'juan.rosso@lopezasociados.net', 'ABOGADO EN FORMACIÓN - MINISTERIO ASUNTOS INDIVIDUALES Y SS', 12, 1, 'Ext. 218', 2, '2020-07-02 12:31:24', 1),
(102, '1020719753', 'Ana Maria Rubiano D.', 'anamaria.rubiano@lopezasociados.net', 'LÍDER - CONSULTORÍA / ABOGADA SOCIA', 25, 1, 'Ext. 121', 2, '2020-07-02 12:31:24', 1),
(103, '1085298172', 'Suhaida Santander', 'suhaida.santander@lopezasociados.net', 'ABOGADA SENIOR - CONSULTORÍA', 27, 1, 'Ext. 160', 2, '2020-07-02 12:31:24', 1),
(104, '1032367229', 'Mónica Sierra Sánchez', 'monica.sierra@lopezasociados.net', 'RESPONSABLE DE EQUIPO - CONSULTORÍA', 19, 1, 'Ext. 120', 2, '2020-07-02 12:31:24', 1),
(105, '1018465700', 'Nadia Julieth Tordecilla Romero', 'nadia.tordecilla@lopezasociados.net', 'ABOGADA JUNIOR – MINISTERIO ASUNTOS INDIVIDUALES Y SSA', 12, 1, 'Ext. 234', 2, '2020-07-02 12:31:24', 1),
(106, '1020784792', 'Natalia Martinez ramos', 'natalia.martinez@lopezasociados.net', 'ABOGADA JUNIOR - CONSULTORÍA', 10, 1, 'Ext. 204', 2, '2020-07-02 12:31:24', 1),
(107, '79791971', 'Manuel Germán Torres Mora', 'german.torres@lopezasociados.net', 'LÍDER - CONSULTORÍA', 10, 1, 'Ext. 233', 2, '2020-07-02 12:31:24', 1),
(108, '1010205343', 'Juan Felipe Trujillo', 'juan.trujillo@lopezasociados.net', 'ABOGADO SENIOR - CONSULTORÍA', 10, 1, 'Ext. 152', 2, '2020-07-02 12:31:24', 1),
(109, '1020767805', 'Andres F. Valencia', 'andresf.valencia@lopezasociados.com', 'RESPONSABLE DE EQUIPO - CONSULTORÍA', 2, 1, 'Ext. 124', 2, '2020-07-02 12:31:24', 1),
(110, '1012442309', 'Nathaly Pasaje Tautiva', 'nathaly.pasaje@lopezasociados.net', 'AUXILIAR OPERACIÓN LEGAL - PLANEACIÓN LABORAL', 3, 2, 'Ext. 307', 2, '2020-07-02 12:31:24', 1),
(111, '1014259429', 'Alexandra Abril Rojas', 'alexandra.abril@lopezasociados.net', 'AUXILIAR OPERACIÓN LEGAL - PLANEACIÓN LABORAL', 3, 2, 'Ext. 170', 2, '2020-07-02 12:31:24', 1),
(112, '52844412', 'Mónica M. Cano', 'monicam.cano@lopezasociados.net', 'AUXILIAR ADMINISTRATIVO', 1, 1, 'Ext. 101', 2, '2020-07-02 12:31:24', 1),
(113, '1020811787', 'Leidy Vanessa Cepeda Romero', 'leidy.cepeda@lopezasociados.net', 'AUXILIAR OPERACIÓN LEGAL - LITIGIOS Y REPRESENTACIÓN JUDICIAL', 3, 3, 'Ext. 230', 2, '2020-07-02 12:31:24', 1),
(114, '1018469395', 'Carlos José Chaparro', 'carlos.chaparro@lopezasociados.net', 'ABOGADO JUNIOR - RELACIONAMIENTO LABORAL', 23, 2, 'Ext. 193', 2, '2020-07-02 12:31:24', 1),
(115, '1018455291', 'Javier Daza', 'javier.daza@lopezasociados.net', 'RESPONSABLE DE EQUIPO - PLANEACION LABORAL', 15, 2, 'Ext. 187', 2, '2020-07-02 12:31:24', 1),
(116, '1010202164', 'Juliana Hernández H', 'juliana.hernandez@lopezasociados.net', 'ABOGADA SENIOR - RELACIONAMIENTO LABORAL', 23, 2, 'Ext. 195', 2, '2020-07-02 12:31:24', 1),
(117, '80418542', 'Juan Pablo López Moreno', 'jplopez@lopezasociados.net', 'DIRECTOR GENERAL - DIRECTOR DE PRÁCTICA PLANEACIÓN LABORAL', 25, 2, 'Ext. 141', 2, '2020-07-02 12:31:25', 1),
(118, '1053826088', 'Diego Armando Montoya Atehortúa', 'diego.montoya@lopezasociados.net', 'ABOGADO JUNIOR - ESTRUCTURA EMPRESARIAL', 17, 2, 'Ext. 126', 2, '2020-07-02 12:31:25', 1),
(119, '51983210', 'Marcela Ramírez', 'marcela.ramirez@lopezasociados.net', 'SECRETARIA', 1, 2, 'Ext. 179', 2, '2020-07-02 12:31:25', 1),
(120, '53080810', 'Aura Rodríguez', 'aura.rodriguez@lopezasociados.com', 'RESPONSABLE DE EQUIPO - ESTRUCTURA EMPRESARIAL', 17, 2, 'Ext. 175', 2, '2020-07-02 12:31:25', 1),
(121, '1020770151', 'Catalina Torres H.', 'catalina.torres@lopezasociados.net', 'ABOGADA JUNIOR - RELACIONAMIENTO LABORAL', 23, 2, 'Ext. 217', 2, '2020-07-02 12:31:25', 1),
(122, '53062023', 'Claudia Liliana Velásquez', 'liliana.velasquez@lopezasociados.com', 'ABOGADA SENIOR - OPTIMIZACIÓN Y PLANEACIÓN LABORAL', 15, 2, 'Ext. 153', 2, '2020-07-02 12:31:25', 1),
(123, '1030532562', 'Ginna Díaz', 'ginna.diaz@lopezasociados.com', 'COORDINADORA JUNIOR - LITIGIOS Y REPRESENTACIÓN JUDICIAL', 11, 2, 'Ext. 132', 2, '2020-07-02 12:31:25', 1),
(124, '1018462580', 'Laura Susana Silva Barrera', 'laura.silva@lopezasociados.net', 'ABOGADA JUNIOR - CONSULTORÍA', 19, 1, 'Ext. 226', 2, '2020-07-02 12:31:25', 1),
(125, '1032488993', 'Viviana Campos', 'maria.quimbayo@lopezasociados.net', 'AUXILIAR ADMINISTRATIVA', 1, 3, 'Ext. 102', 2, '2020-07-02 12:31:25', 1),
(126, '1088339555', 'Wendy Martin Saenz', 'wendy.martin.s@lopezasociados.net', 'AUXILIAR ADMINISTRATIVO', 1, 3, 'Ext. 231', 2, '2020-07-02 12:31:25', 1),
(127, '1020787574', 'Viviana Cepeda Jaimes', 'viviana.cepeda@lopezasociados.net', 'ANALISTA UNIDAD DE CONOCIMIENTO', 8, 2, 'Ext. 199', 2, '2020-07-02 12:31:25', 1),
(128, '1032489706', 'Lucía Díaz Burgos', 'lucia.diaz@lopezasociados.net', 'ABOGADA EN FORMACIÓN - PROYECTO PORVENIR', 4, 4, 'Ext. 262', 2, '2020-07-02 12:31:25', 1),
(129, '1026292424', 'Juan David Palacio González', 'juan.palacio@lopezasociados.net', 'Abogado - Proyecto Porvenir', 4, 4, 'Ext. 268 ', 2, '2020-07-02 12:31:25', 1),
(130, '1037618555', 'Daniel Cadavid Castaño', 'daniel.cadavid@lopezasociados.net', 'ABOGADO - PROYECTO PORVENIR', 4, 4, 'EXT. 262', 2, '2020-07-02 12:31:25', 1),
(131, '1098722443', 'Jessica Archila', 'jessica.archila@lopezasociados.net', 'ABOGADA - PROYECTO PORVENIR', 4, 4, 'Ext. 267', 2, '2020-07-02 12:31:25', 1),
(132, '1032474619', 'Jorge Agudelo', 'jorge.agudelo@lopezasociados.net', 'ABOGADO JUNIOR - CONSULTORÍA', 7, 1, 'Ext. 266', 2, '2020-07-02 12:31:25', 1),
(133, '1128455285', 'Yudy Escobar', 'yudy.escobar@lopezasociados.net', 'ABOGADA JUNIOR - MEDELLÍN', 14, 5, 'Ext. 311', 2, '2020-07-02 12:31:25', 1),
(134, '1152198653', 'Sara Lozano Ortíz', 'sara.lozano@lopezasociados.net', 'ABOGADA JUNIOR - MEDELLIN', 14, 5, 'Ext. 306', 2, '2020-07-02 12:31:25', 1),
(135, '1036647468', 'Juan José Hurtado Martínez', 'juan.hurtado@lopezasociados.net', 'DEPENDIENTE JUDICIAL – MEDELLÍN', 14, 5, 'Ext.312', 2, '2020-07-02 12:31:25', 1),
(136, '80202331', 'Edwin Villamil', 'edwin.villamil@lopezasociados.net', 'RESPONSABLE DE EQUIPO - OPL UNIDAD DE CONOCIMIENTO', 14, 5, 'Ext. 302', 2, '2020-07-02 12:31:25', 1),
(137, '1036657568', 'Maria Cristina Rave Gil', 'cristina.rave@lopezasociados.net', 'AUXILIAR ADMINISTRATIVO - MEDELLÍN', 14, 5, 'Ext. 301', 2, '2020-07-02 12:31:25', 1),
(138, '79914477', 'Jorge E. Martínez S.', 'jorge.martinez@lopezasociados.net', 'LÍDER OFICINA - MEDELLÍN', 14, 5, 'Ext. 144', 2, '2020-07-02 12:31:25', 1),
(139, '79795447', 'Cesar Heredia Quecan', 'cesar.heredia@lopezasociados.net', 'Abogado - Porvenir', 19, 4, 'Ext. 270', 2, '2020-07-02 12:31:25', 1),
(140, '1014281360', 'Karen Hernández Moreno', 'karen.hernandez@lopezasociados.net', 'AUXILIAR ADMINISTRATIVO - PORVENIR', 4, 4, 'Ext. 267', 2, '2020-07-02 12:31:25', 1),
(141, '1001272647', 'Yinari Carolina Arias Lamprea', 'yinari.arias@lopezasociados.net', 'AUXILIAR OPERACIÓN LEGAL - PROYECTO PORVENIR', 4, 4, 'Ext. 267 ', 2, '2020-07-02 12:31:25', 1),
(142, '1020836037', 'María Paz Román Rico', 'mariapaz.roman@lopezasociados.net', 'Abogado den Formación', 16, 3, 'Ext.146', 2, '2020-07-02 12:31:25', 1),
(143, '1018506537', 'Paula Daniela Álvarez Castro', 'paula.alvarez@lopezasociados.net', 'AUXILIAR OPERACIÓN LEGAL - LITIGIOS Y REPRESENTACIÓN JUDICIAL', 3, 3, 'Ext. 145', 2, '2020-07-02 12:31:25', 1),
(144, '1016084767', 'Camilo Alfonso García', 'camilo.alfonso@lopezasociados.net', 'AUXILIAR OPERACIÓN LEGAL - PROYECTO PORVENIR', 4, 4, 'Ext.267', 2, '2020-07-02 12:31:26', 1),
(145, '1140845460', 'Andrea Pérez Pacheco', 'andrea.perez@lopezasociados.net', 'ABOGADA IN - HOUSE', 7, 7, '0', 2, '2020-07-02 12:31:26', 1),
(146, '1012381974', 'Andrea Ovalle', 'andrea.ovalle@lopezasociados.net', 'AUXILIAR OPERACIÓN LEGAL - PROYECTO PORVENIR', 4, 4, 'Ext. 262', 2, '2020-07-02 12:31:26', 1),
(147, '1033771901', 'Tatiana García Parrado', 'tatiana.garcia@lopezasociados.net', 'ABOGADA EN FORMACIÓN - PROYECTO PORVENIR', 4, 4, 'Ext. 262', 2, '2020-07-02 12:31:26', 1),
(148, '1015442924', 'Jeferson Acuña', 'jeferson.acuna@lopezasociados.net', 'DEPENDIENTE JUDICIAL - LITIGIOS Y REPRESENTACIÓN JUDICIAL', 3, 3, 'Ext. 169', 2, '2020-07-02 12:31:26', 1),
(149, '1024518673', 'Vanessa Cortés', 'vanessa.cortes.telefonica@lopezasociados.net', 'ABOGADA IN HOUSE - TELEFÓNICA', 18, 8, '3208557454', 2, '2020-07-02 12:31:26', 1),
(150, '1233696424', 'Juan David Guarín', 'juan.guarin@lopezasociados.net', 'DEPENDIENTE JUDICIAL - LITIGIOS Y REPRESENTACIÓN JUDICIAL', 3, 4, 'Ext. 268', 2, '2020-07-02 12:31:26', 1),
(151, '1076650292', 'Iván Darío Rozo Pinzón', 'soporte2@lopezasociados.net', 'SOPORTE TI –? OUTSOURCING', 21, 1, 'Ext. 310', 2, '2020-07-02 12:31:26', 1),
(152, '1052415396', 'Daniela Sofia Pacheco Rodríguez', 'daniela.pacheco@lopezasociados.net', 'ABOGADA EN FORMACIÓN - LITIGIO Y REPRESENTACIÓN JUDICIAL', 18, 3, 'Ext. 235', 2, '2020-07-02 12:31:26', 1),
(153, '1026269013', 'M. Alejandra Cabrera Lasso', 'alejandra.cabrera@lopezasociados.net', 'ABOGADA SENIOR - LITIGIOS Y REPRESENTACIÓN JUDICIAL', 18, 3, 'Ext. 168', 2, '2020-07-02 12:31:26', 1),
(154, '52033898', 'Bella Lida Montaña Perdomo', 'bellalida.montana@lopezasociados.net', 'COORDINADORA - PROYECTO PORVENIR', 6, 4, 'Ext. 258', 2, '2020-07-02 12:31:26', 1),
(155, '1015477872', 'Liset Jimena Arias Flórez', 'liset.arias.ext@lopezasociados.net', 'Auxiliar de Operación Legal', 11, 3, 'Ext.269', 2, '2020-07-02 12:31:26', 1),
(156, '1098763082', 'Leidy Tatiana Carvajal Vera', 'leidy.carvajal@lopezasociados.net', 'ABOGADA IN-HOUSE - GENERAL MOTORS', 18, 3, '0', 2, '2020-07-02 12:31:26', 1),
(157, '1018512754', 'María Beatriz Daza Caballero', 'maria.daza@lopezasociados.net', 'Abogada en Formación', 10, 2, 'Ext. 273', 2, '2020-07-02 12:31:26', 1),
(158, '80821091', 'luis vera', 'desarrollo.iq2@platinum.net.co', 'desarrollador jr', 3, 1, '321', 2, '0000-00-00 00:00:00', 1);

-- --------------------------------------------------------

--
-- Estructura Stand-in para la vista `vista_comentarios_tecnicos_ticket`
-- (Véase abajo para la vista actual)
--
CREATE TABLE `vista_comentarios_tecnicos_ticket` (
`id` int(11)
,`comentario` text
,`id_ticket` int(11)
,`fecha_creacion` datetime
,`id_tecnico` int(11)
,`id_tipo_comentario_tecnico` int(11)
,`comentario_tecnico` varchar(250)
);

-- --------------------------------------------------------

--
-- Estructura Stand-in para la vista `vista_dispositivos`
-- (Véase abajo para la vista actual)
--
CREATE TABLE `vista_dispositivos` (
`id_dispositivo` int(11)
,`id_origen` int(11)
,`origen` text
,`placa` text
,`dispositivo` text
,`id_usuario` int(11)
,`foto` text
,`estado` text
,`memoria` text
,`disco_duro` text
,`procesador` text
,`horas_uso` time
,`tamano` text
,`fecha_actualizado` datetime
,`id_informacion_dispositivo` int(11)
);

-- --------------------------------------------------------

--
-- Estructura Stand-in para la vista `vista_prueba_ejecutadabysintoma`
-- (Véase abajo para la vista actual)
--
CREATE TABLE `vista_prueba_ejecutadabysintoma` (
`id_prueba` int(11)
,`id_sintoma` int(11)
,`id_ticket` int(11)
,`id_catalogo` int(11)
,`prueba` text
,`id_tecnico` int(11)
,`id_tipificacion_prueba` int(11)
,`tipificacion` varchar(200)
,`observacion` text
,`fecha_creacion` datetime
,`tags` longtext
);

-- --------------------------------------------------------

--
-- Estructura Stand-in para la vista `vista_relacion_app`
-- (Véase abajo para la vista actual)
--
CREATE TABLE `vista_relacion_app` (
`id_relacion` int(11)
,`id_usuario` int(11)
,`id_aplicacion` int(11)
,`aplicacion` varchar(250)
);

-- --------------------------------------------------------

--
-- Estructura Stand-in para la vista `vista_sintomas_by_ticket`
-- (Véase abajo para la vista actual)
--
CREATE TABLE `vista_sintomas_by_ticket` (
`id` int(11)
,`sintoma` text
,`id_ticket` int(11)
,`fecha_creacion` datetime
,`id_usuario` int(11)
,`id_aplicacion` int(11)
,`id_dispositivo` int(11)
,`id_comunicacion` int(11)
,`tags` longtext
,`id_sintoma` int(11)
,`aplicacion` varchar(250)
,`dispositivo` text
,`foto` text
);

-- --------------------------------------------------------

--
-- Estructura Stand-in para la vista `vista_tecnico`
-- (Véase abajo para la vista actual)
--
CREATE TABLE `vista_tecnico` (
`id_tecnico` int(11)
,`id_usuario` int(11)
,`password` text
,`reset_password` tinyint(1)
,`nombre` varchar(255)
,`cedula` varchar(50)
,`correo` varchar(255)
,`cargo` varchar(255)
,`extension` varchar(250)
,`id_grupo` int(11)
,`id_oficina` int(11)
,`id_rol` int(11)
,`id_estado` int(11)
,`fecha_creacion` datetime
);

-- --------------------------------------------------------

--
-- Estructura Stand-in para la vista `vista_tickets`
-- (Véase abajo para la vista actual)
--
CREATE TABLE `vista_tickets` (
`id_ticket` int(11)
,`fecha_creacion` datetime
,`prioridad` varchar(100)
,`id_tecnico_asignado` int(11)
,`tecnico` varchar(255)
,`id_usuario` int(11)
,`nombre` varchar(255)
,`cargo` varchar(255)
,`oficina` varchar(255)
,`estado` varchar(200)
,`sintoma` text
);

-- --------------------------------------------------------

--
-- Estructura Stand-in para la vista `vista_ticketsbyuser`
-- (Véase abajo para la vista actual)
--
CREATE TABLE `vista_ticketsbyuser` (
`id_ticket` int(11)
,`id_usuarios_vinculados` text
,`fecha_creacion` datetime
,`prioridad` varchar(100)
,`id_tecnico_asignado` int(11)
,`tecnico` varchar(255)
,`id_usuario` int(11)
,`nombre` varchar(255)
,`cargo` varchar(255)
,`extension` varchar(250)
,`grupo` varchar(255)
,`oficina` varchar(255)
,`estado` varchar(200)
);

-- --------------------------------------------------------

--
-- Estructura Stand-in para la vista `vista_usuario_oficina`
-- (Véase abajo para la vista actual)
--
CREATE TABLE `vista_usuario_oficina` (
`id_usuario` int(11)
,`cedula` varchar(50)
,`nombre` varchar(255)
,`correo` varchar(255)
,`cargo` varchar(255)
,`id_grupo` int(11)
,`grupo` varchar(255)
,`id_oficina` int(11)
,`oficina` varchar(255)
,`extension` varchar(250)
,`id_rol` int(11)
,`fecha_creacion` datetime
,`id_estado` int(11)
,`estado` varchar(100)
,`id_tecnico` int(11)
);

-- --------------------------------------------------------

--
-- Estructura para la vista `vista_comentarios_tecnicos_ticket`
--
DROP TABLE IF EXISTS `vista_comentarios_tecnicos_ticket`;

CREATE ALGORITHM=UNDEFINED DEFINER=`root`@`localhost` SQL SECURITY DEFINER VIEW `vista_comentarios_tecnicos_ticket`  AS  select `c`.`id` AS `id`,`c`.`comentario` AS `comentario`,`t`.`id` AS `id_ticket`,`c`.`fecha_creacion` AS `fecha_creacion`,`c`.`id_tecnico` AS `id_tecnico`,`c`.`id_tipo_comentario_tecnico` AS `id_tipo_comentario_tecnico`,`tc`.`comentario_tecnico` AS `comentario_tecnico` from (((`comentarios_tecnicos` `c` join `tecnicos_sistemas` `t` on(`t`.`id` = `c`.`id_tecnico`)) join `usuarios_officina` `us` on(`us`.`id` = `t`.`id_usuario`)) join `tipos_comentarios_tecnico` `tc` on(`tc`.`id` = `c`.`id_tipo_comentario_tecnico`)) ;

-- --------------------------------------------------------

--
-- Estructura para la vista `vista_dispositivos`
--
DROP TABLE IF EXISTS `vista_dispositivos`;

CREATE ALGORITHM=UNDEFINED DEFINER=`root`@`localhost` SQL SECURITY DEFINER VIEW `vista_dispositivos`  AS  select `d`.`id` AS `id_dispositivo`,`d`.`id_origen` AS `id_origen`,`o`.`origen` AS `origen`,`d`.`placa` AS `placa`,`t`.`dispositivo` AS `dispositivo`,`d`.`id_usuario` AS `id_usuario`,`d`.`foto` AS `foto`,`e`.`estado` AS `estado`,`i`.`memoria` AS `memoria`,`i`.`disco_duro` AS `disco_duro`,`i`.`procesador` AS `procesador`,`i`.`horas_uso` AS `horas_uso`,`i`.`tamano` AS `tamano`,`i`.`fecha_actualizado` AS `fecha_actualizado`,`i`.`id` AS `id_informacion_dispositivo` from ((((`dispositivos` `d` join `origen_dispositivo` `o` on(`o`.`id` = `d`.`id_origen`)) join `tipo_dispositivo` `t` on(`t`.`id` = `d`.`id_tipo_dispositivo`)) join `estado_dispositivo` `e` on(`e`.`id` = `d`.`id_estado_dispositivo`)) left join `informacion_dispositivos` `i` on(`i`.`id_dispositivo` = `d`.`id`)) where `e`.`estado` <> 'dañado' ;

-- --------------------------------------------------------

--
-- Estructura para la vista `vista_prueba_ejecutadabysintoma`
--
DROP TABLE IF EXISTS `vista_prueba_ejecutadabysintoma`;

CREATE ALGORITHM=UNDEFINED DEFINER=`root`@`localhost` SQL SECURITY DEFINER VIEW `vista_prueba_ejecutadabysintoma`  AS  select `p`.`id` AS `id_prueba`,`p`.`id_sintoma` AS `id_sintoma`,`t`.`id` AS `id_ticket`,`p`.`id_catalogo` AS `id_catalogo`,`c`.`prueba` AS `prueba`,`p`.`id_tecnico` AS `id_tecnico`,`p`.`id_tipificacion_prueba` AS `id_tipificacion_prueba`,`tp`.`tipificacion` AS `tipificacion`,`p`.`observacion` AS `observacion`,`p`.`fecha_creacion` AS `fecha_creacion`,`p`.`tags` AS `tags` from (((((`pruebas_ejecutadas` `p` join `catalogo_pruebas` `c` on(`c`.`id` = `p`.`id_catalogo`)) join `tecnicos_sistemas` `t` on(`t`.`id` = `p`.`id_tecnico`)) join `tipificacion_prueba` `tp` on(`tp`.`id` = `p`.`id_tipificacion_prueba`)) join `usuarios_officina` `us` on(`us`.`id` = `t`.`id_usuario`)) join `sintomas` `s` on(`s`.`id` = `p`.`id_sintoma`)) ;

-- --------------------------------------------------------

--
-- Estructura para la vista `vista_relacion_app`
--
DROP TABLE IF EXISTS `vista_relacion_app`;

CREATE ALGORITHM=UNDEFINED DEFINER=`root`@`localhost` SQL SECURITY DEFINER VIEW `vista_relacion_app`  AS  select `r`.`id` AS `id_relacion`,`r`.`id_usuario` AS `id_usuario`,`r`.`id_aplicacion` AS `id_aplicacion`,`a`.`aplicacion` AS `aplicacion` from ((`relacion_app_usuarios` `r` join `aplicaciones` `a` on(`a`.`id` = `r`.`id_aplicacion`)) join `estado` `e` on(`e`.`id` = `a`.`id_estado` and `e`.`estado` = 'activo')) ;

-- --------------------------------------------------------

--
-- Estructura para la vista `vista_sintomas_by_ticket`
--
DROP TABLE IF EXISTS `vista_sintomas_by_ticket`;

CREATE ALGORITHM=UNDEFINED DEFINER=`root`@`localhost` SQL SECURITY DEFINER VIEW `vista_sintomas_by_ticket`  AS  select `s`.`id` AS `id`,`s`.`sintoma` AS `sintoma`,`s`.`id_ticket` AS `id_ticket`,`s`.`fecha_creacion` AS `fecha_creacion`,`s`.`id_usuario` AS `id_usuario`,`s`.`id_aplicacion` AS `id_aplicacion`,`s`.`id_dispositivo` AS `id_dispositivo`,`s`.`id_comunicacion` AS `id_comunicacion`,`s`.`tags` AS `tags`,`s`.`id` AS `id_sintoma`,`a`.`aplicacion` AS `aplicacion`,`td`.`dispositivo` AS `dispositivo`,`d`.`foto` AS `foto` from (((`sintomas` `s` left join `aplicaciones` `a` on(`s`.`id_aplicacion` = `a`.`id`)) left join `dispositivos` `d` on(`d`.`id` = `s`.`id_dispositivo`)) left join `tipo_dispositivo` `td` on(`td`.`id` = `d`.`id_tipo_dispositivo`)) ;

-- --------------------------------------------------------

--
-- Estructura para la vista `vista_tecnico`
--
DROP TABLE IF EXISTS `vista_tecnico`;

CREATE ALGORITHM=UNDEFINED DEFINER=`root`@`localhost` SQL SECURITY DEFINER VIEW `vista_tecnico`  AS  select `t`.`id` AS `id_tecnico`,`t`.`id_usuario` AS `id_usuario`,`t`.`password` AS `password`,`t`.`reset_password` AS `reset_password`,`u`.`nombre` AS `nombre`,`u`.`cedula` AS `cedula`,`u`.`correo` AS `correo`,`u`.`cargo` AS `cargo`,`u`.`extension` AS `extension`,`u`.`id_grupo` AS `id_grupo`,`u`.`id_oficina` AS `id_oficina`,`u`.`id_rol` AS `id_rol`,`u`.`id_estado` AS `id_estado`,`u`.`fecha_creacion` AS `fecha_creacion` from (`tecnicos_sistemas` `t` join `usuarios_officina` `u` on(`u`.`id` = `t`.`id_usuario`)) ;

-- --------------------------------------------------------

--
-- Estructura para la vista `vista_tickets`
--
DROP TABLE IF EXISTS `vista_tickets`;

CREATE ALGORITHM=UNDEFINED DEFINER=`root`@`localhost` SQL SECURITY DEFINER VIEW `vista_tickets`  AS  select `t`.`id` AS `id_ticket`,`t`.`fecha_creacion` AS `fecha_creacion`,`p`.`prioridad` AS `prioridad`,`t`.`id_tecnico_asignado` AS `id_tecnico_asignado`,`tus`.`nombre` AS `tecnico`,`t`.`id_usuario_creador` AS `id_usuario`,`u`.`nombre` AS `nombre`,`u`.`cargo` AS `cargo`,`o`.`oficina` AS `oficina`,`e`.`estado` AS `estado`,`s`.`sintoma` AS `sintoma` from (((((((`tickets` `t` join `usuarios_officina` `u` on(`u`.`id` = `t`.`id_usuario_creador`)) join `oficina` `o` on(`o`.`id` = `u`.`id_oficina`)) join `sintomas` `s` on(`s`.`id_ticket` = `t`.`id`)) join `prioridad` `p` on(`p`.`id` = `t`.`id_prioridad`)) left join `tecnicos_sistemas` `ts` on(`ts`.`id` = `t`.`id_tecnico_asignado`)) join `usuarios_officina` `tus` on(`tus`.`id` = `ts`.`id`)) join `estado_ticket` `e` on(`e`.`id` = `t`.`estado_ticket`)) group by `t`.`id` order by `t`.`fecha_creacion` ;

-- --------------------------------------------------------

--
-- Estructura para la vista `vista_ticketsbyuser`
--
DROP TABLE IF EXISTS `vista_ticketsbyuser`;

CREATE ALGORITHM=UNDEFINED DEFINER=`root`@`localhost` SQL SECURITY DEFINER VIEW `vista_ticketsbyuser`  AS  select `t`.`id` AS `id_ticket`,`t`.`id_usuarios_vinculados` AS `id_usuarios_vinculados`,`t`.`fecha_creacion` AS `fecha_creacion`,`p`.`prioridad` AS `prioridad`,`t`.`id_tecnico_asignado` AS `id_tecnico_asignado`,`us`.`nombre` AS `tecnico`,`t`.`id_usuario_creador` AS `id_usuario`,`u`.`nombre` AS `nombre`,`u`.`cargo` AS `cargo`,`u`.`extension` AS `extension`,`g`.`grupo` AS `grupo`,`o`.`oficina` AS `oficina`,`e`.`estado` AS `estado` from ((((((((`tickets` `t` join `usuarios_officina` `u` on(`u`.`id` = `t`.`id_usuario_creador`)) join `oficina` `o` on(`o`.`id` = `u`.`id_oficina`)) join `sintomas` `s` on(`s`.`id_ticket` = `t`.`id`)) join `prioridad` `p` on(`p`.`id` = `t`.`id_prioridad`)) left join `tecnicos_sistemas` `ts` on(`ts`.`id` = `t`.`id_tecnico_asignado`)) join `usuarios_officina` `us` on(`us`.`id` = `ts`.`id_usuario`)) join `estado_ticket` `e` on(`e`.`id` = `t`.`estado_ticket`)) join `grupo` `g` on(`g`.`id` = `u`.`id_grupo`)) group by `s`.`id_ticket` ;

-- --------------------------------------------------------

--
-- Estructura para la vista `vista_usuario_oficina`
--
DROP TABLE IF EXISTS `vista_usuario_oficina`;

CREATE ALGORITHM=UNDEFINED DEFINER=`root`@`localhost` SQL SECURITY DEFINER VIEW `vista_usuario_oficina`  AS  select `u`.`id` AS `id_usuario`,`u`.`cedula` AS `cedula`,`u`.`nombre` AS `nombre`,`u`.`correo` AS `correo`,`u`.`cargo` AS `cargo`,`u`.`id_grupo` AS `id_grupo`,`g`.`grupo` AS `grupo`,`u`.`id_oficina` AS `id_oficina`,`o`.`oficina` AS `oficina`,`u`.`extension` AS `extension`,`u`.`id_rol` AS `id_rol`,`u`.`fecha_creacion` AS `fecha_creacion`,`u`.`id_estado` AS `id_estado`,`e`.`estado` AS `estado`,`t`.`id` AS `id_tecnico` from (((((`usuarios_officina` `u` join `grupo` `g` on(`u`.`id_grupo` = `g`.`id`)) join `oficina` `o` on(`u`.`id_oficina` = `o`.`id`)) join `rol` `r` on(`u`.`id_rol` = `r`.`id`)) join `estado` `e` on(`u`.`id_estado` = `e`.`id`)) left join `tecnicos_sistemas` `t` on(`t`.`id_usuario` = `u`.`id`)) ;

--
-- Índices para tablas volcadas
--

--
-- Indices de la tabla `aplicaciones`
--
ALTER TABLE `aplicaciones`
  ADD PRIMARY KEY (`id`),
  ADD KEY `id_estado` (`id_estado`),
  ADD KEY `id_proveedor` (`id_proveedor`);

--
-- Indices de la tabla `catalogo_diagnostico`
--
ALTER TABLE `catalogo_diagnostico`
  ADD PRIMARY KEY (`id`);

--
-- Indices de la tabla `catalogo_pruebas`
--
ALTER TABLE `catalogo_pruebas`
  ADD PRIMARY KEY (`id`),
  ADD KEY `id_estado` (`id_estado`);

--
-- Indices de la tabla `catalogo_soluciones`
--
ALTER TABLE `catalogo_soluciones`
  ADD PRIMARY KEY (`id`);

--
-- Indices de la tabla `comentarios_tecnicos`
--
ALTER TABLE `comentarios_tecnicos`
  ADD PRIMARY KEY (`id`),
  ADD KEY `id_ticket` (`id_ticket`),
  ADD KEY `id_tecnico` (`id_tecnico`),
  ADD KEY `id_tipo_comentario_tecnico` (`id_tipo_comentario_tecnico`);

--
-- Indices de la tabla `comunicaciones`
--
ALTER TABLE `comunicaciones`
  ADD PRIMARY KEY (`id`),
  ADD KEY `id_estado` (`id_estado`),
  ADD KEY `id_proveedor` (`id_proveedor`),
  ADD KEY `id_tipo_enlace` (`id_tipo_enlace`),
  ADD KEY `id_oficina` (`id_oficina`);

--
-- Indices de la tabla `contacto_proveedor`
--
ALTER TABLE `contacto_proveedor`
  ADD PRIMARY KEY (`id`),
  ADD KEY `id_proveedor` (`id_proveedor`),
  ADD KEY `id_estado` (`id_estado`);

--
-- Indices de la tabla `diagnostico`
--
ALTER TABLE `diagnostico`
  ADD PRIMARY KEY (`id`),
  ADD KEY `id_ticket` (`id_ticket`),
  ADD KEY `id_tecnico` (`id_tecnico`);

--
-- Indices de la tabla `dispositivos`
--
ALTER TABLE `dispositivos`
  ADD PRIMARY KEY (`id`),
  ADD KEY `id_origen` (`id_origen`),
  ADD KEY `id_tipo_dispositivo` (`id_tipo_dispositivo`),
  ADD KEY `id_usuario` (`id_usuario`),
  ADD KEY `id_referencia` (`id_referencia`),
  ADD KEY `id_estado_dispositivo` (`id_estado_dispositivo`),
  ADD KEY `id_referencia_2` (`id_referencia`);

--
-- Indices de la tabla `estado`
--
ALTER TABLE `estado`
  ADD PRIMARY KEY (`id`);

--
-- Indices de la tabla `estado_dispositivo`
--
ALTER TABLE `estado_dispositivo`
  ADD PRIMARY KEY (`id`);

--
-- Indices de la tabla `estado_ticket`
--
ALTER TABLE `estado_ticket`
  ADD PRIMARY KEY (`id`);

--
-- Indices de la tabla `eventos_log_dispositivo`
--
ALTER TABLE `eventos_log_dispositivo`
  ADD PRIMARY KEY (`id`),
  ADD KEY `id_usuario` (`id_usuario`),
  ADD KEY `id_dispositivo` (`id_dispositivo`),
  ADD KEY `id_tipo_evento` (`id_tipo_evento_disp`);

--
-- Indices de la tabla `eventos_log_tecnico_sistemas`
--
ALTER TABLE `eventos_log_tecnico_sistemas`
  ADD PRIMARY KEY (`id`),
  ADD KEY `id_tecnico_sistemas` (`id_tecnico_sistemas`),
  ADD KEY `id_tipo_evento_usuario` (`id_tipo_evento_usuario`);

--
-- Indices de la tabla `eventos_log_usuario`
--
ALTER TABLE `eventos_log_usuario`
  ADD PRIMARY KEY (`id`),
  ADD KEY `id_usuario` (`id_usuario`),
  ADD KEY `id_tipo_evento_usuario` (`id_tipo_evento_usuario`);

--
-- Indices de la tabla `grupo`
--
ALTER TABLE `grupo`
  ADD PRIMARY KEY (`id`),
  ADD KEY `id_estado` (`id_estado`);

--
-- Indices de la tabla `informacion_dispositivos`
--
ALTER TABLE `informacion_dispositivos`
  ADD PRIMARY KEY (`id`),
  ADD KEY `id_dispositivo` (`id_dispositivo`);

--
-- Indices de la tabla `licencia_apps`
--
ALTER TABLE `licencia_apps`
  ADD PRIMARY KEY (`id`),
  ADD KEY `id_aplicacion` (`id_aplicacion`);

--
-- Indices de la tabla `marca_dispositivo`
--
ALTER TABLE `marca_dispositivo`
  ADD PRIMARY KEY (`id`),
  ADD UNIQUE KEY `marca` (`marca`);

--
-- Indices de la tabla `modelo_dispositivo`
--
ALTER TABLE `modelo_dispositivo`
  ADD PRIMARY KEY (`id`),
  ADD KEY `id_marca` (`id_marca`),
  ADD KEY `id_estado` (`id_estado`);

--
-- Indices de la tabla `oficina`
--
ALTER TABLE `oficina`
  ADD PRIMARY KEY (`id`),
  ADD KEY `id_estado` (`id_estado`);

--
-- Indices de la tabla `origen_dispositivo`
--
ALTER TABLE `origen_dispositivo`
  ADD PRIMARY KEY (`id`);

--
-- Indices de la tabla `prioridad`
--
ALTER TABLE `prioridad`
  ADD PRIMARY KEY (`id`);

--
-- Indices de la tabla `proveedores`
--
ALTER TABLE `proveedores`
  ADD PRIMARY KEY (`id`),
  ADD KEY `estado` (`estado`);

--
-- Indices de la tabla `pruebas_ejecutadas`
--
ALTER TABLE `pruebas_ejecutadas`
  ADD PRIMARY KEY (`id`),
  ADD KEY `id_catalogo` (`id_catalogo`),
  ADD KEY `id_sintoma` (`id_sintoma`),
  ADD KEY `id_tecnico` (`id_tecnico`),
  ADD KEY `id_tipificacion_prueba` (`id_tipificacion_prueba`);

--
-- Indices de la tabla `referencia_dispositivo`
--
ALTER TABLE `referencia_dispositivo`
  ADD PRIMARY KEY (`id`),
  ADD KEY `id_modelo` (`id_modelo`),
  ADD KEY `id_estado` (`id_estado`);

--
-- Indices de la tabla `relacion_app_usuarios`
--
ALTER TABLE `relacion_app_usuarios`
  ADD PRIMARY KEY (`id`),
  ADD KEY `id_aplicacion` (`id_aplicacion`),
  ADD KEY `id_usuario` (`id_usuario`);

--
-- Indices de la tabla `rol`
--
ALTER TABLE `rol`
  ADD PRIMARY KEY (`id`);

--
-- Indices de la tabla `sintomas`
--
ALTER TABLE `sintomas`
  ADD PRIMARY KEY (`id`),
  ADD KEY `id_ticket` (`id_ticket`),
  ADD KEY `id_usuario` (`id_usuario`),
  ADD KEY `id_dispositivo` (`id_dispositivo`),
  ADD KEY `id_aplicacion` (`id_aplicacion`),
  ADD KEY `id_comunicacion` (`id_comunicacion`);

--
-- Indices de la tabla `solucion_ejecutada`
--
ALTER TABLE `solucion_ejecutada`
  ADD PRIMARY KEY (`id`),
  ADD KEY `id_catalogo_solucion` (`id_catalogo_solucion`),
  ADD KEY `id_tecnico` (`id_tecnico`),
  ADD KEY `id_ticket` (`id_ticket`);

--
-- Indices de la tabla `tecnicos_sistemas`
--
ALTER TABLE `tecnicos_sistemas`
  ADD PRIMARY KEY (`id`),
  ADD KEY `id_estado` (`id_estado`),
  ADD KEY `id_rol` (`id_rol`),
  ADD KEY `id_usuario` (`id_usuario`),
  ADD KEY `id_oficina` (`id_oficina`(3072));

--
-- Indices de la tabla `tickets`
--
ALTER TABLE `tickets`
  ADD PRIMARY KEY (`id`),
  ADD KEY `id_usuario` (`id_usuario_creador`),
  ADD KEY `id_prioridad` (`id_prioridad`),
  ADD KEY `estado_ticket` (`estado_ticket`),
  ADD KEY `id_tecnico_asignado` (`id_tecnico_asignado`);

--
-- Indices de la tabla `tipificacion_prueba`
--
ALTER TABLE `tipificacion_prueba`
  ADD PRIMARY KEY (`id`);

--
-- Indices de la tabla `tipos_comentarios_tecnico`
--
ALTER TABLE `tipos_comentarios_tecnico`
  ADD PRIMARY KEY (`id`);

--
-- Indices de la tabla `tipo_dispositivo`
--
ALTER TABLE `tipo_dispositivo`
  ADD PRIMARY KEY (`id`);

--
-- Indices de la tabla `tipo_enlace`
--
ALTER TABLE `tipo_enlace`
  ADD PRIMARY KEY (`id`);

--
-- Indices de la tabla `tipo_evento_dispositivo`
--
ALTER TABLE `tipo_evento_dispositivo`
  ADD PRIMARY KEY (`id`),
  ADD UNIQUE KEY `evento` (`evento`);

--
-- Indices de la tabla `tipo_evento_usuario`
--
ALTER TABLE `tipo_evento_usuario`
  ADD PRIMARY KEY (`id`);

--
-- Indices de la tabla `usuarios_officina`
--
ALTER TABLE `usuarios_officina`
  ADD PRIMARY KEY (`id`),
  ADD UNIQUE KEY `correo` (`correo`),
  ADD KEY `id_grupo` (`id_grupo`),
  ADD KEY `id_oficina` (`id_oficina`),
  ADD KEY `id_estado` (`id_estado`),
  ADD KEY `id_rol` (`id_rol`);

--
-- AUTO_INCREMENT de las tablas volcadas
--

--
-- AUTO_INCREMENT de la tabla `aplicaciones`
--
ALTER TABLE `aplicaciones`
  MODIFY `id` int(11) NOT NULL AUTO_INCREMENT;

--
-- AUTO_INCREMENT de la tabla `catalogo_diagnostico`
--
ALTER TABLE `catalogo_diagnostico`
  MODIFY `id` int(11) NOT NULL AUTO_INCREMENT, AUTO_INCREMENT=9;

--
-- AUTO_INCREMENT de la tabla `catalogo_pruebas`
--
ALTER TABLE `catalogo_pruebas`
  MODIFY `id` int(11) NOT NULL AUTO_INCREMENT, AUTO_INCREMENT=2;

--
-- AUTO_INCREMENT de la tabla `catalogo_soluciones`
--
ALTER TABLE `catalogo_soluciones`
  MODIFY `id` int(11) NOT NULL AUTO_INCREMENT, AUTO_INCREMENT=10;

--
-- AUTO_INCREMENT de la tabla `comentarios_tecnicos`
--
ALTER TABLE `comentarios_tecnicos`
  MODIFY `id` int(11) NOT NULL AUTO_INCREMENT, AUTO_INCREMENT=8;

--
-- AUTO_INCREMENT de la tabla `comunicaciones`
--
ALTER TABLE `comunicaciones`
  MODIFY `id` int(11) NOT NULL AUTO_INCREMENT;

--
-- AUTO_INCREMENT de la tabla `contacto_proveedor`
--
ALTER TABLE `contacto_proveedor`
  MODIFY `id` int(11) NOT NULL AUTO_INCREMENT;

--
-- AUTO_INCREMENT de la tabla `diagnostico`
--
ALTER TABLE `diagnostico`
  MODIFY `id` int(11) NOT NULL AUTO_INCREMENT, AUTO_INCREMENT=2;

--
-- AUTO_INCREMENT de la tabla `dispositivos`
--
ALTER TABLE `dispositivos`
  MODIFY `id` int(11) NOT NULL AUTO_INCREMENT, AUTO_INCREMENT=880;

--
-- AUTO_INCREMENT de la tabla `estado`
--
ALTER TABLE `estado`
  MODIFY `id` int(11) NOT NULL AUTO_INCREMENT, AUTO_INCREMENT=3;

--
-- AUTO_INCREMENT de la tabla `estado_dispositivo`
--
ALTER TABLE `estado_dispositivo`
  MODIFY `id` int(11) NOT NULL AUTO_INCREMENT, AUTO_INCREMENT=4;

--
-- AUTO_INCREMENT de la tabla `estado_ticket`
--
ALTER TABLE `estado_ticket`
  MODIFY `id` int(11) NOT NULL AUTO_INCREMENT, AUTO_INCREMENT=4;

--
-- AUTO_INCREMENT de la tabla `eventos_log_dispositivo`
--
ALTER TABLE `eventos_log_dispositivo`
  MODIFY `id` int(11) NOT NULL AUTO_INCREMENT;

--
-- AUTO_INCREMENT de la tabla `eventos_log_tecnico_sistemas`
--
ALTER TABLE `eventos_log_tecnico_sistemas`
  MODIFY `id` int(11) NOT NULL AUTO_INCREMENT, AUTO_INCREMENT=23;

--
-- AUTO_INCREMENT de la tabla `eventos_log_usuario`
--
ALTER TABLE `eventos_log_usuario`
  MODIFY `id` int(11) NOT NULL AUTO_INCREMENT, AUTO_INCREMENT=10;

--
-- AUTO_INCREMENT de la tabla `grupo`
--
ALTER TABLE `grupo`
  MODIFY `id` int(11) NOT NULL AUTO_INCREMENT, AUTO_INCREMENT=28;

--
-- AUTO_INCREMENT de la tabla `informacion_dispositivos`
--
ALTER TABLE `informacion_dispositivos`
  MODIFY `id` int(11) NOT NULL AUTO_INCREMENT;

--
-- AUTO_INCREMENT de la tabla `licencia_apps`
--
ALTER TABLE `licencia_apps`
  MODIFY `id` int(11) NOT NULL AUTO_INCREMENT;

--
-- AUTO_INCREMENT de la tabla `marca_dispositivo`
--
ALTER TABLE `marca_dispositivo`
  MODIFY `id` int(11) NOT NULL AUTO_INCREMENT, AUTO_INCREMENT=10;

--
-- AUTO_INCREMENT de la tabla `modelo_dispositivo`
--
ALTER TABLE `modelo_dispositivo`
  MODIFY `id` int(11) NOT NULL AUTO_INCREMENT, AUTO_INCREMENT=46;

--
-- AUTO_INCREMENT de la tabla `oficina`
--
ALTER TABLE `oficina`
  MODIFY `id` int(11) NOT NULL AUTO_INCREMENT, AUTO_INCREMENT=9;

--
-- AUTO_INCREMENT de la tabla `origen_dispositivo`
--
ALTER TABLE `origen_dispositivo`
  MODIFY `id` int(11) NOT NULL AUTO_INCREMENT, AUTO_INCREMENT=5;

--
-- AUTO_INCREMENT de la tabla `prioridad`
--
ALTER TABLE `prioridad`
  MODIFY `id` int(11) NOT NULL AUTO_INCREMENT, AUTO_INCREMENT=12;

--
-- AUTO_INCREMENT de la tabla `proveedores`
--
ALTER TABLE `proveedores`
  MODIFY `id` int(11) NOT NULL AUTO_INCREMENT;

--
-- AUTO_INCREMENT de la tabla `pruebas_ejecutadas`
--
ALTER TABLE `pruebas_ejecutadas`
  MODIFY `id` int(11) NOT NULL AUTO_INCREMENT, AUTO_INCREMENT=7;

--
-- AUTO_INCREMENT de la tabla `referencia_dispositivo`
--
ALTER TABLE `referencia_dispositivo`
  MODIFY `id` int(11) NOT NULL AUTO_INCREMENT, AUTO_INCREMENT=56;

--
-- AUTO_INCREMENT de la tabla `relacion_app_usuarios`
--
ALTER TABLE `relacion_app_usuarios`
  MODIFY `id` int(11) NOT NULL AUTO_INCREMENT;

--
-- AUTO_INCREMENT de la tabla `rol`
--
ALTER TABLE `rol`
  MODIFY `id` int(11) NOT NULL AUTO_INCREMENT, AUTO_INCREMENT=3;

--
-- AUTO_INCREMENT de la tabla `sintomas`
--
ALTER TABLE `sintomas`
  MODIFY `id` int(11) NOT NULL AUTO_INCREMENT, AUTO_INCREMENT=5;

--
-- AUTO_INCREMENT de la tabla `solucion_ejecutada`
--
ALTER TABLE `solucion_ejecutada`
  MODIFY `id` int(11) NOT NULL AUTO_INCREMENT, AUTO_INCREMENT=14;

--
-- AUTO_INCREMENT de la tabla `tecnicos_sistemas`
--
ALTER TABLE `tecnicos_sistemas`
  MODIFY `id` int(11) NOT NULL AUTO_INCREMENT, AUTO_INCREMENT=3;

--
-- AUTO_INCREMENT de la tabla `tickets`
--
ALTER TABLE `tickets`
  MODIFY `id` int(11) NOT NULL AUTO_INCREMENT, AUTO_INCREMENT=12;

--
-- AUTO_INCREMENT de la tabla `tipificacion_prueba`
--
ALTER TABLE `tipificacion_prueba`
  MODIFY `id` int(11) NOT NULL AUTO_INCREMENT, AUTO_INCREMENT=4;

--
-- AUTO_INCREMENT de la tabla `tipos_comentarios_tecnico`
--
ALTER TABLE `tipos_comentarios_tecnico`
  MODIFY `id` int(11) NOT NULL AUTO_INCREMENT, AUTO_INCREMENT=4;

--
-- AUTO_INCREMENT de la tabla `tipo_dispositivo`
--
ALTER TABLE `tipo_dispositivo`
  MODIFY `id` int(11) NOT NULL AUTO_INCREMENT, AUTO_INCREMENT=8;

--
-- AUTO_INCREMENT de la tabla `tipo_enlace`
--
ALTER TABLE `tipo_enlace`
  MODIFY `id` int(11) NOT NULL AUTO_INCREMENT;

--
-- AUTO_INCREMENT de la tabla `tipo_evento_dispositivo`
--
ALTER TABLE `tipo_evento_dispositivo`
  MODIFY `id` int(11) NOT NULL AUTO_INCREMENT;

--
-- AUTO_INCREMENT de la tabla `tipo_evento_usuario`
--
ALTER TABLE `tipo_evento_usuario`
  MODIFY `id` int(11) NOT NULL AUTO_INCREMENT, AUTO_INCREMENT=5;

--
-- AUTO_INCREMENT de la tabla `usuarios_officina`
--
ALTER TABLE `usuarios_officina`
  MODIFY `id` int(11) NOT NULL AUTO_INCREMENT, AUTO_INCREMENT=159;

--
-- Restricciones para tablas volcadas
--

--
-- Filtros para la tabla `aplicaciones`
--
ALTER TABLE `aplicaciones`
  ADD CONSTRAINT `aplicaciones_ibfk_1` FOREIGN KEY (`id_proveedor`) REFERENCES `proveedores` (`id`),
  ADD CONSTRAINT `aplicaciones_ibfk_2` FOREIGN KEY (`id_estado`) REFERENCES `estado` (`id`);

--
-- Filtros para la tabla `catalogo_pruebas`
--
ALTER TABLE `catalogo_pruebas`
  ADD CONSTRAINT `catalogo_pruebas_ibfk_1` FOREIGN KEY (`id_estado`) REFERENCES `estado` (`id`);

--
-- Filtros para la tabla `comentarios_tecnicos`
--
ALTER TABLE `comentarios_tecnicos`
  ADD CONSTRAINT `comentarios_tecnicos_ibfk_1` FOREIGN KEY (`id_ticket`) REFERENCES `tickets` (`id`),
  ADD CONSTRAINT `comentarios_tecnicos_ibfk_2` FOREIGN KEY (`id_tecnico`) REFERENCES `tecnicos_sistemas` (`id`),
  ADD CONSTRAINT `comentarios_tecnicos_ibfk_3` FOREIGN KEY (`id_tipo_comentario_tecnico`) REFERENCES `tipos_comentarios_tecnico` (`id`);

--
-- Filtros para la tabla `comunicaciones`
--
ALTER TABLE `comunicaciones`
  ADD CONSTRAINT `comunicaciones_ibfk_1` FOREIGN KEY (`id_estado`) REFERENCES `estado` (`id`),
  ADD CONSTRAINT `comunicaciones_ibfk_2` FOREIGN KEY (`id_tipo_enlace`) REFERENCES `tipo_enlace` (`id`),
  ADD CONSTRAINT `comunicaciones_ibfk_3` FOREIGN KEY (`id_oficina`) REFERENCES `oficina` (`id`),
  ADD CONSTRAINT `comunicaciones_ibfk_4` FOREIGN KEY (`id_proveedor`) REFERENCES `proveedores` (`id`);

--
-- Filtros para la tabla `contacto_proveedor`
--
ALTER TABLE `contacto_proveedor`
  ADD CONSTRAINT `contacto_proveedor_ibfk_1` FOREIGN KEY (`id_estado`) REFERENCES `estado` (`id`),
  ADD CONSTRAINT `contacto_proveedor_ibfk_2` FOREIGN KEY (`id_proveedor`) REFERENCES `proveedores` (`id`);

--
-- Filtros para la tabla `dispositivos`
--
ALTER TABLE `dispositivos`
  ADD CONSTRAINT `dispositivos_ibfk_1` FOREIGN KEY (`id_origen`) REFERENCES `origen_dispositivo` (`id`),
  ADD CONSTRAINT `dispositivos_ibfk_2` FOREIGN KEY (`id_estado_dispositivo`) REFERENCES `estado_dispositivo` (`id`),
  ADD CONSTRAINT `dispositivos_ibfk_3` FOREIGN KEY (`id_tipo_dispositivo`) REFERENCES `tipo_dispositivo` (`id`),
  ADD CONSTRAINT `dispositivos_ibfk_4` FOREIGN KEY (`id_usuario`) REFERENCES `usuarios_officina` (`id`),
  ADD CONSTRAINT `dispositivos_ibfk_5` FOREIGN KEY (`id_referencia`) REFERENCES `referencia_dispositivo` (`id`),
  ADD CONSTRAINT `dispositivos_ibfk_6` FOREIGN KEY (`id_referencia`) REFERENCES `referencia_dispositivo` (`id`);

--
-- Filtros para la tabla `eventos_log_dispositivo`
--
ALTER TABLE `eventos_log_dispositivo`
  ADD CONSTRAINT `eventos_log_dispositivo_ibfk_1` FOREIGN KEY (`id_usuario`) REFERENCES `usuarios_officina` (`id`),
  ADD CONSTRAINT `eventos_log_dispositivo_ibfk_2` FOREIGN KEY (`id_dispositivo`) REFERENCES `dispositivos` (`id`),
  ADD CONSTRAINT `eventos_log_dispositivo_ibfk_3` FOREIGN KEY (`id_tipo_evento_disp`) REFERENCES `tipo_evento_dispositivo` (`id`),
  ADD CONSTRAINT `eventos_log_dispositivo_ibfk_4` FOREIGN KEY (`id_tipo_evento_disp`) REFERENCES `tipo_evento_dispositivo` (`id`);

--
-- Filtros para la tabla `eventos_log_tecnico_sistemas`
--
ALTER TABLE `eventos_log_tecnico_sistemas`
  ADD CONSTRAINT `eventos_log_tecnico_sistemas_ibfk_1` FOREIGN KEY (`id_tipo_evento_usuario`) REFERENCES `tipo_evento_usuario` (`id`);

--
-- Filtros para la tabla `eventos_log_usuario`
--
ALTER TABLE `eventos_log_usuario`
  ADD CONSTRAINT `eventos_log_usuario_ibfk_1` FOREIGN KEY (`id_tipo_evento_usuario`) REFERENCES `tipo_evento_usuario` (`id`),
  ADD CONSTRAINT `eventos_log_usuario_ibfk_2` FOREIGN KEY (`id_usuario`) REFERENCES `usuarios_officina` (`id`);

--
-- Filtros para la tabla `grupo`
--
ALTER TABLE `grupo`
  ADD CONSTRAINT `grupo_ibfk_1` FOREIGN KEY (`id_estado`) REFERENCES `estado` (`id`);

--
-- Filtros para la tabla `informacion_dispositivos`
--
ALTER TABLE `informacion_dispositivos`
  ADD CONSTRAINT `informacion_dispositivos_ibfk_1` FOREIGN KEY (`id_dispositivo`) REFERENCES `dispositivos` (`id`);

--
-- Filtros para la tabla `licencia_apps`
--
ALTER TABLE `licencia_apps`
  ADD CONSTRAINT `licencia_apps_ibfk_1` FOREIGN KEY (`id_aplicacion`) REFERENCES `aplicaciones` (`id`);

--
-- Filtros para la tabla `modelo_dispositivo`
--
ALTER TABLE `modelo_dispositivo`
  ADD CONSTRAINT `modelo_dispositivo_ibfk_1` FOREIGN KEY (`id_marca`) REFERENCES `marca_dispositivo` (`id`),
  ADD CONSTRAINT `modelo_dispositivo_ibfk_2` FOREIGN KEY (`id_estado`) REFERENCES `estado` (`id`);

--
-- Filtros para la tabla `oficina`
--
ALTER TABLE `oficina`
  ADD CONSTRAINT `oficina_ibfk_1` FOREIGN KEY (`id_estado`) REFERENCES `estado` (`id`);

--
-- Filtros para la tabla `proveedores`
--
ALTER TABLE `proveedores`
  ADD CONSTRAINT `proveedores_ibfk_1` FOREIGN KEY (`estado`) REFERENCES `estado` (`id`);

--
-- Filtros para la tabla `pruebas_ejecutadas`
--
ALTER TABLE `pruebas_ejecutadas`
  ADD CONSTRAINT `pruebas_ejecutadas_ibfk_1` FOREIGN KEY (`id_catalogo`) REFERENCES `catalogo_pruebas` (`id`),
  ADD CONSTRAINT `pruebas_ejecutadas_ibfk_3` FOREIGN KEY (`id_sintoma`) REFERENCES `sintomas` (`id`),
  ADD CONSTRAINT `pruebas_ejecutadas_ibfk_4` FOREIGN KEY (`id_tecnico`) REFERENCES `tecnicos_sistemas` (`id`),
  ADD CONSTRAINT `pruebas_ejecutadas_ibfk_5` FOREIGN KEY (`id_tipificacion_prueba`) REFERENCES `tipificacion_prueba` (`id`);

--
-- Filtros para la tabla `referencia_dispositivo`
--
ALTER TABLE `referencia_dispositivo`
  ADD CONSTRAINT `referencia_dispositivo_ibfk_1` FOREIGN KEY (`id_modelo`) REFERENCES `modelo_dispositivo` (`id`),
  ADD CONSTRAINT `referencia_dispositivo_ibfk_2` FOREIGN KEY (`id_estado`) REFERENCES `estado` (`id`);

--
-- Filtros para la tabla `relacion_app_usuarios`
--
ALTER TABLE `relacion_app_usuarios`
  ADD CONSTRAINT `relacion_app_usuarios_ibfk_1` FOREIGN KEY (`id_aplicacion`) REFERENCES `aplicaciones` (`id`),
  ADD CONSTRAINT `relacion_app_usuarios_ibfk_2` FOREIGN KEY (`id_usuario`) REFERENCES `usuarios_officina` (`id`);

--
-- Filtros para la tabla `sintomas`
--
ALTER TABLE `sintomas`
  ADD CONSTRAINT `sintomas_ibfk_1` FOREIGN KEY (`id_ticket`) REFERENCES `tickets` (`id`),
  ADD CONSTRAINT `sintomas_ibfk_2` FOREIGN KEY (`id_usuario`) REFERENCES `usuarios_officina` (`id`),
  ADD CONSTRAINT `sintomas_ibfk_3` FOREIGN KEY (`id_aplicacion`) REFERENCES `aplicaciones` (`id`),
  ADD CONSTRAINT `sintomas_ibfk_4` FOREIGN KEY (`id_dispositivo`) REFERENCES `dispositivos` (`id`),
  ADD CONSTRAINT `sintomas_ibfk_5` FOREIGN KEY (`id_comunicacion`) REFERENCES `comunicaciones` (`id`);

--
-- Filtros para la tabla `solucion_ejecutada`
--
ALTER TABLE `solucion_ejecutada`
  ADD CONSTRAINT `solucion_ejecutada_ibfk_1` FOREIGN KEY (`id_catalogo_solucion`) REFERENCES `catalogo_soluciones` (`id`),
  ADD CONSTRAINT `solucion_ejecutada_ibfk_4` FOREIGN KEY (`id_tecnico`) REFERENCES `tecnicos_sistemas` (`id`),
  ADD CONSTRAINT `solucion_ejecutada_ibfk_5` FOREIGN KEY (`id_ticket`) REFERENCES `tickets` (`id`);

--
-- Filtros para la tabla `tecnicos_sistemas`
--
ALTER TABLE `tecnicos_sistemas`
  ADD CONSTRAINT `tecnicos_sistemas_ibfk_3` FOREIGN KEY (`id_estado`) REFERENCES `estado` (`id`),
  ADD CONSTRAINT `tecnicos_sistemas_ibfk_4` FOREIGN KEY (`id_rol`) REFERENCES `rol` (`id`),
  ADD CONSTRAINT `tecnicos_sistemas_ibfk_5` FOREIGN KEY (`id_usuario`) REFERENCES `usuarios_officina` (`id`);

--
-- Filtros para la tabla `tickets`
--
ALTER TABLE `tickets`
  ADD CONSTRAINT `tickets_ibfk_1` FOREIGN KEY (`id_usuario_creador`) REFERENCES `usuarios_officina` (`id`),
  ADD CONSTRAINT `tickets_ibfk_2` FOREIGN KEY (`id_prioridad`) REFERENCES `prioridad` (`id`),
  ADD CONSTRAINT `tickets_ibfk_4` FOREIGN KEY (`estado_ticket`) REFERENCES `estado_ticket` (`id`),
  ADD CONSTRAINT `tickets_ibfk_5` FOREIGN KEY (`id_tecnico_asignado`) REFERENCES `tecnicos_sistemas` (`id`);

--
-- Filtros para la tabla `usuarios_officina`
--
ALTER TABLE `usuarios_officina`
  ADD CONSTRAINT `usuarios_officina_ibfk_1` FOREIGN KEY (`id_grupo`) REFERENCES `grupo` (`id`),
  ADD CONSTRAINT `usuarios_officina_ibfk_2` FOREIGN KEY (`id_oficina`) REFERENCES `oficina` (`id`),
  ADD CONSTRAINT `usuarios_officina_ibfk_3` FOREIGN KEY (`id_estado`) REFERENCES `estado` (`id`),
  ADD CONSTRAINT `usuarios_officina_ibfk_4` FOREIGN KEY (`id_rol`) REFERENCES `rol` (`id`);
COMMIT;

/*!40101 SET CHARACTER_SET_CLIENT=@OLD_CHARACTER_SET_CLIENT */;
/*!40101 SET CHARACTER_SET_RESULTS=@OLD_CHARACTER_SET_RESULTS */;
/*!40101 SET COLLATION_CONNECTION=@OLD_COLLATION_CONNECTION */;
